# ************************************************************
# Sequel Pro SQL dump
# Version 4004
#
# http://www.sequelpro.com/
# http://code.google.com/p/sequel-pro/
#
# Host: localhost (MySQL 5.5.34)
# Database: dick
# Generation Time: 2015-06-04 06:51:32 +0000
# ************************************************************


/*!40101 SET @OLD_CHARACTER_SET_CLIENT=@@CHARACTER_SET_CLIENT */;
/*!40101 SET @OLD_CHARACTER_SET_RESULTS=@@CHARACTER_SET_RESULTS */;
/*!40101 SET @OLD_COLLATION_CONNECTION=@@COLLATION_CONNECTION */;
/*!40101 SET NAMES utf8 */;
/*!40014 SET @OLD_FOREIGN_KEY_CHECKS=@@FOREIGN_KEY_CHECKS, FOREIGN_KEY_CHECKS=0 */;
/*!40101 SET @OLD_SQL_MODE=@@SQL_MODE, SQL_MODE='NO_AUTO_VALUE_ON_ZERO' */;
/*!40111 SET @OLD_SQL_NOTES=@@SQL_NOTES, SQL_NOTES=0 */;


# Dump of table article_tag
# ------------------------------------------------------------

DROP TABLE IF EXISTS `article_tag`;

CREATE TABLE `article_tag` (
  `id` int(11) unsigned NOT NULL AUTO_INCREMENT,
  `article_id` int(11) NOT NULL,
  `tag_id` int(11) NOT NULL,
  `updated_at` datetime DEFAULT NULL,
  `created_at` datetime DEFAULT NULL,
  `deleted_at` datetime DEFAULT NULL,
  PRIMARY KEY (`id`)
) ENGINE=InnoDB DEFAULT CHARSET=utf8;

LOCK TABLES `article_tag` WRITE;
/*!40000 ALTER TABLE `article_tag` DISABLE KEYS */;

INSERT INTO `article_tag` (`id`, `article_id`, `tag_id`, `updated_at`, `created_at`, `deleted_at`)
VALUES
	(5,1,1,NULL,NULL,NULL),
	(6,1,2,NULL,NULL,NULL),
	(7,23,1,NULL,NULL,NULL),
	(8,23,2,NULL,NULL,NULL),
	(10,24,1,NULL,NULL,NULL),
	(11,24,3,NULL,NULL,NULL),
	(13,25,1,NULL,NULL,NULL),
	(14,25,2,NULL,NULL,NULL),
	(15,25,3,NULL,NULL,NULL),
	(16,26,10,NULL,NULL,NULL),
	(18,18,1,NULL,NULL,NULL),
	(19,18,2,NULL,NULL,NULL),
	(20,16,2,NULL,NULL,NULL);

/*!40000 ALTER TABLE `article_tag` ENABLE KEYS */;
UNLOCK TABLES;


# Dump of table articles
# ------------------------------------------------------------

DROP TABLE IF EXISTS `articles`;

CREATE TABLE `articles` (
  `id` int(11) unsigned NOT NULL AUTO_INCREMENT,
  `title` varchar(255) NOT NULL,
  `slug` varchar(255) NOT NULL DEFAULT '',
  `content` text NOT NULL,
  `image` varchar(255) DEFAULT NULL,
  `category_id` int(11) NOT NULL,
  `updated_at` timestamp NULL DEFAULT NULL,
  `created_at` timestamp NULL DEFAULT NULL,
  `deleted_at` timestamp NULL DEFAULT NULL,
  `status` enum('PUBLISHED','DRAFT') DEFAULT NULL,
  PRIMARY KEY (`id`)
) ENGINE=InnoDB DEFAULT CHARSET=utf8;

LOCK TABLES `articles` WRITE;
/*!40000 ALTER TABLE `articles` DISABLE KEYS */;

INSERT INTO `articles` (`id`, `title`, `slug`, `content`, `image`, `category_id`, `updated_at`, `created_at`, `deleted_at`, `status`)
VALUES
	(1,'First article ever','first-article-ever','<p>It was entered directly into the db. Some more info. This is smth more I\'ll write. Let\'s just see if it gets the new text.</p>\r\n<p><img style=\"width: 326px;\" src=\"data:image/png;base64,iVBORw0KGgoAAAANSUhEUgAAAUYAAACLCAYAAAAd1jAuAAAAAXNSR0IArs4c6QAAAARnQU1BAACxjwv8YQUAAAAJcEhZcwAALiIAAC4iAari3ZIAAAAhdEVYdENyZWF0aW9uIFRpbWUAMjAxNDowNjoyNyAxNjozMDowMv41brsAAGzTSURBVHhe7V0HgB1V1T6vbc+mbHonCYQmFhB/iqCiYKFJCR2RLk2aNAu9iv4IijSlC4LSiz8gEBBFeugJPSG9bLJ995X9z3fOvTP3zZu3+7YkG8h8u/PmlnPL3Ln3m3PL3Il1MmgAgGRjsZixRYgQIUI+BpIjVjsxBqN37as56QgRInyG4ZJi0AzuWJ2kuVqI0UZpz7lcTsz27B4ugvYIESKsO7BEBx6A2drj8bhnhxkHYP3tuT/Rb8ToRgNzNpsVIsQZRzqdNuYMH7k8sowQIUIEC5cQcSQSCTmSyWTe2fpb0uxPguwXYrRRgORwgAQzmQy1t7dTR0cHtba2UjvObG9LZyidYX8myUzO1Rr53OechCPJEZcx/5Z15kifNcWBokWW3DLuz2zZuHp/C91y4ljy8qkeXEXk3G2+IWDDF6sGnr85dwknMwI/kJhc74ADTPlJqK3QHdArLHR30bWvj+5jsigmZa+C9RxjdiWtL1yDMfh+LjRHxfOk/vqbDyc+eInVM+TDDerJ9QWBtLsDxJ0618l2lB7OQDzGhBePKSmWlVEylaJkeRmVV1RQBR/l5eVUxu4puDtECfQHQfaZGBHcaoaWDNva2qilpZkam1toVVMzrWptJmJzReMqqm5roXKWKWOirMhlKMWp9/0yCpHifJUz8ZYzGb5XUU7PVFfSczU19DEKMS/B/MuHTat3fq7EJWZkOe5g4cMnzj82NusrYuyIs9x0c+etvw+nWfFJTDYygB1wp7jqSIUp8A+BTTvOBhG1t9rLu9rF5rk5wHWySMG1mnglT3zCdYuMLR+GGOFm0lS7GPNgnezVW7staxvMpmn9YTJXZWAEDHDNAnvN8PcDe/HaLGrq1tWBscY4A76Pnw4gOWHPGNnejxuHLxvWYHGZcm3GrIbgtYWjIDoEgZs5i3dQxsLKmpN7dfkwglJIkIG9EHJt7AVfpjR1DIWGl/KC0Yjaa9dr6qQEF2VVLkY18SQNYeERfB6TKKfBbE5UVlLVoBqq4vZcXVVFlXxYkrQEGVbWPUGviRHBcFhCVDJsoaamJqpvaKQlTILZ5UtpxIrlNIJJsiqb5sJIUCc3amkEnHHuTGtc8tt34HlRwURYle2k2ZXl9OCgQfQkF+AqLqhyTqSM85vgQ4uMHczNLChC5455frb2AuYu2sLnQgyJA2VkjGHpwOInI/CMYmBPqT1qxDkBJ3iZX4HIyg//cj5MWi46kV/+N9n1KiGgjRr+Ng4HngUGE7eYlAzVZII6cQIqybHjpsCP0wC5uNVN41N7IRX47jDjHEzGDYG4NM18IG9IEn7WX4ooPzH2c0JzXtG4IaKuarJBHEkD10XzCiCdoKyXLOqMeOaHDQMk8q8OaRRKe2UNM/+Fx+Yjv/fkxm/hxGAStHWgt0Boeeg58aD9ICXJs6mcnagrEIHSxWe4ZtlcW1ZOU3IJmtqZopF8rhw8iAYNGUKDamupigkSmqQlSKkTvcxvr4gRQaAlZoyGCEJsaGigFatW0VwmwqoFn9Lk+uXM7lnKxZUMY3wbcKEwoWA00d5lOogk56ea89POhfA3Lqh7Bg+mxYkkVbI7NMa8CqB3AHVfUu9E4RlnC85ut5BqZwNJfPmBYMNN8a9UhMQMuMVun7BSPnnxaOPxq42Fa9KG6GeFTRKPcWBIaMmLj7ikIz7sVzjOK02P8yiVS2z4dWNQ2Fz5OXKQ5ygxMvCbH4/QkJHFCQ2lK0BjLsiKE61E5RZAAPbeI1E5B6AhlRxLQfHGh5g0DS19NfmZt/cEvzY9Ny4r5wNJuRLFYO9YV7LwTXBhFKZSCLkKRGbqhIWEZStuGVzzydb4h8CPoRhYAjcK6Ym05hPthlUsyvC5LlVGX8ikaINcimqGDKYhw+uo1hAkNEh0sXurPfaIGCGKw44jYuxQCHHlSvp0+XKKzf2ENly+iCr50ZVJMmPjL5Ap2FB4GU41v0vbc6C7PCiXpQ+5EG7hp8ajtTXiVsUHNMMw2OxoYbsw8t0UonapIAs5PltxCa5ucs1In08F6YgI/NTd9ZV6wGd+hIhdfyEqgdRi4GUz31nBfpYXEBZGsTuJuem6gDtCaHBz/2xYE6cFvNQ53wNuFsGsK+8bCXaHP643ELUHlJ8bXxj0jtgGWyQmSUvjEikr5kSutwUNUeMMwj5LtJvPFnN2idw3aRyFsfgQ4pI88yEB3dBsFhUwCM0fJBG71bAAfajCH+7qFgYniEJkXUcNnBcF8inXGR6xr+z4KLx+lQi7Tcivmy8Jh/RYsRJh+Jlwcq/ZmGOlp4NlKlhmi3SSNklU0eBRw2nIsDoaxL1FjEVa7RHQsi4NJROjFcs4WuJKJsSFy1fQ0vlzaeO5H1Ity2SZpXHlUgnNxejtZQM74KmoXWg+84X1BiC/wRz2bVab/zB0KD1XXU213KVX7dBLLRycB6uV+eXk3tT8mxmMR+zWMVhyxt27wWwXJ7ZbzVSBG+tXem1oPmCDbL6zH5pCNDxNh+N0xcxZ0hOL48mwNj+7NmVAXdVNAZPVoqyr2p1wkmkbh8K3WVmYbAwAysYNw37IcJ4I6k7XyE9VEeaGuN2yzUvZVIr8/DGQJWPUwtTGmZdF78eCLQjnuRmL1+TUQ/3hpu74tfXYQtofy9lyQo0NygBC0khCxeQ6jdFDUYJw8qXkky8Xk0H0/DqGEN4thzef4uKAIwgTMMiCAVifBD8YcvEci/KVcttmk0kHuTP5Y+Ec90zb2W0Il8e3Ospo0jAmx1EjaQgrS1Z7tDPYpaIkYoQIDownghQbGxtpxYoV9NGSpVT+4bu0EXefs6zWolJpNxQqujHLhfDJnOHQyReZ4Ezm4A6nEgHeH8J5eK8sRefyhb9aWcGEmJOxQwAF1aX2wYlJ0XiJWkl2MHmxLt7gvcCRY7P1C6bj3Wv2Vgk3DoXf4NzQvpwtp/xK6YRhZxC7N6Hi+WnAIOnDF4eQrxG1MRdUfD6kujmVViV8u0JdVR5lJVZBUBKAt6tVwUVs7GGDBvMCQMa/DUpELsQfB/9IeE7DldHw6mJTd/1daPomRo6ncDjFd8BjSbR6xG0zYc/mBKvXDGEx0AbNkHyphwlWCMcjrHzCgAeVk1w+zH21DzeLoLzNGc4iaSyWbHErjVGg5e9D43Njha/aVS4QIADUFZSdPKSwcsUVRzSmLlnqgp/wkwynddIWbXHaqrqOho4bQ8OGDqPqmmoZe+wJOXZLjPCWRJmQMMECUly6bBl9uHARTZzzFo1qb6MMq6u4BhQ4GqytVL7W6F2WXIXcPKfxdQeEBgGu4r73L0eOoif5QodmfEIUsBCidFIqAPxso0dFQyV1cyH5hwvy63o4gJeGLYQ+KYuHBTR92wzzBSVe9tCJjUIgDH5w2W6RutCYFfki2iBxSPTG05UXeGXK8kUSsa4443Cz69mNkD/04AM2SVf/xWZdLXwT8u3bBGy1LsG0XQTtgLjZa+Trc2+1yvMv3HwR9mcL/6u/QtytjAkjEbnnIhAvKVu+tmAYE6dCLXnxi91BnsXI4synYP0Sq0kXCAQtQN79d6MKCdhdXBAI1utiYawYko8JMYLMoDFqHZZfKXw+2F/c2I6yZKaiNjaP6uikXZNDacSEcTSsro5qamqka10qOZZEjBkz6wxSXLx0GX08/1OaPudNqmGGzmGAk7OGzMWZEaEpAviN4YLUKhIgDiQGmTQTrX0CdYUKvnCk8+vhdXQjq8boMmPmOQwJzkkxIF0Qtpuke+Fwh39XhSEyLFAgY69ZarmFm5JCwquxAAipIyGB+GExUUlFCYnXLcdipApoeEY3MmFAujYrluiKRVMsnxaoBRiBdmOwXVhA0wiHhuoqdgViLhjD5rpsywr+uBfdxVOsPPLAkaky4ArjKvMDC9GgAYs7B8r3FojSYMxFwfWsyxJAfnDqQgTwSLkbeCKubDCT7Cd5KjG+bsUQf4JLAyTG7d8miNlq3BQZhpMD/zqnkEPZ4h6zW5r9KtNZ2js2lEZPHEd1w4fLuCM0Rztj3RW6JEZ4ud3nxUuX0kfz5tEm775BKeQPCfAfKgXITjREDie/7AjtSzRIMcv1sAskMFrQdQWAfE02Qy9WVtMxo0dRI9Yz5TISOgxeul3A5i8McEel7ArIf3iu4arE3xVAWoijGPK77wr39kj+u4qA0VUWEqb0u8pld/ED3UtwOqETBxadlJTfcCD+rvKBcN3JKMIfoBaaw67jkCELKdTipSZDGxxPV+UKyP0zQtyMQ5Purg4KWKTLus5eMvnYDTMiK6X0LLu7LgFfG6IqRbaUOgbYslJptkA7NIQIL9TmTnYj1hLBhqK0wI/PIMhMZ5ZS3LOcERtC4yZOoLoRI0RztN3qrvJRtFjQIO3sMyZaVtTX0yfcfd6QNUWQImaLcHOSbLakiJuKFesgwhQfZckEJfmxbTXFHN+oHF8I55WycCiCSk63iuVOGDWW9hw/nnIcZ22OL/4zDhRb8VsRjlIrkUWp0jYv7lEqlALs0Xv0Jm2LUsKgoQQPNDZr5v9u49Ehf0j2M5yErbFLsgsF8hU89GRM/QLkKnhYWLMlkqCcPVyAW+y96PLgnmqMya2TFaJO5oROJrNcIsm91BSTDhZyy4n5JSmaZQ4KmBAeJ8I/SVamOpJxuie3khbPn0/1K1bIShq8jYc8uEpHEEU1RrtOsbm5mZYvX07vLVhIY19/mQZ3tBHJ2yP6hEDDVWJUBuZ8sAaMnIG5oaPkKAumZyewO1geciDIIBBqGGuo/6mqoONGjxa3Sn4C2IKV65Vbbl3ygWRRoGGAM57+bkhXFO6SbUaRKFgGf0V8OayuDfQRfGDjwYHQxeLwGmsgnOYOJ5SeGPjw43Bj0woqpSymIArjzkexa7Qpw4RHos6yh1cuSFpCFxkxWag7ysLmXCVs07Lh1axQOZszyGv4IPyUkC3MarpuYcA970pCryNfAjY3dS3r4L1xJdiFnbzssJf1dWOWupsfLBRy7RJhIA3EK/eDc1RCPIDmvRAai8kdR6ZSqqmFhbHu+cNJ+fC8Ss2bly6uzRQen6UGsodMkEODzEKLhNYIEZNIJqtda85zOzuN7uikPatG0fBJ46murk5mq+06xzCEEiOc0IUGu2JJzscLFxK9+TpNXrGUslgXxLUJGZZ3GfluJBKInLVEYW+JgTPFDM7kylnmRGKs7CIZXA0IkzPMV+YmDdW/jtM8e9QIur22lkbgYllco9NbZCc3vBtmYF0hC3Lx70A+VEYrcE5KVhw9IJg3LsXmYCy2kWhKAbBTHMTPZ5HC9amPkfYbjtWgCxPgf0QAo5xUAL+wWnEhYJMX9fHh27SMNZArp/nw5XyTgmW9uOHrmwFr0jhsefpx5EmaeHxfC3WROEweCybjbN1gf58EAzIMN5gk58ASrtwJ8eS42GiK2EAjcJ1gdqIVuG6Iyt4nC/UzcVkvNuRLGaAxs48nZs4FMB5ycjMEB5t+0cDhkLwbczH4OfMT1TttrlK8VQa/YfG52QW0nsBVCU7jC4f4wBONEWc+eekIwYAc+cy8g7zIHc5m+N4yb4Fb+BCOwWY1UKzY3MbE+ZW2BG0/cgKNHD9OlvJgMqbYeGMoMYIUoW5iXHHh4sX06fvv02bvv0XZMvTNEzJJIOTIIUGO6D6XYdCIgcFRJURcnC7JQb9f/WRkBSb5tScsyG7heGZMGEcr+GIHQ8NEOPU2JQI7XKymKk4erKwQI1B4rQI4643Xm2Ph1nOUiK1AYc8TN1wYrG+elLXoJRgDUFhFbP5sINfmuaqXF421WuTZ2ZInzpb82BWhBMSF4VYczwQDi+Ge5PujXH2EpYMwSlc2Hba51RCifAjpuZEFEHYfNUUL+CgJWXf/YeGECVYmhqxOMHCzYYkYRJ6fLmSC8aiwV7fY6peVhvfKz09O4GZJvNiOB6LXXNHuvDCBwAzrgmicqBTsYNsXDusvabpRWbuRV0ErbcDuNq+2pO2RByvjyOO6veuBmzWaQpaHD/5RB1mzE1fmGumdsg0aI8WsNsalybyF+51jQkS8QpDMRajD4KAWPs9oq6D115tCI0ePkskYu8YxiAJihDXDXWiMKy5btozmzPuUprz6XypHBpkUkSV0l3VZDjJJrClypvgsvWO+GHSdocbiD6WVk0okQ6Tsr8UHDRLZGcoX8e/KcvrJ2LE0mC+sjINAVsJ6UBectTvMZq+25UO1scIq6gJ5ddPIk0X6oq7DrzAdG7YAGqEA1yX3FHY+y0ya9WTIffSQ7ycwYa2YiSYf4uCH867YOIXnM9/F5sOLBWmKm5WDj947ALZgycKOiqx+LOOVl4lV7hf83DsaiEPqR76bQtO2PmEyGqf+Sl6MzZNkg9ZwjgsXx2afnMIBX7l3DtzL0nZYLMc2IHxt/gOSRgRl4ubFLaGwDKis6y4xGLO14WA3J8lATH7d4h/4OaJ5sFnASeozjhBpm29DV2KGlG8CYAsvMwF7SxpqlDM0QLxOLGTIrkKEIsR2Q2Y4STp4Qwb3hIkwltMtD+XGMxdZcsRkTHWmkw4oH0Gj1puc16UO1ok8YoQRB2ahV61aRfO4C93EXeipixdQJ5iVs5AAOXIcyCrU0CRWpnOkNh+YVME5h8kSdu/EWxr8bydb5InB8WSZIIelM3T9sCF0zdChNCKTlfgtED8Al7w8s9kSTeBaFBxAi0whMn60Uq74kTLmQ6LAjxOXdff8HWhlYVc2uH7aRTMuMOMHYnDjAvErtdpFDP7qIkDcKqEeiMP3dysdXNTs+yI+DS3piStg/H0Hgcg7Z4uAmNjFzQvgSmg6Nh7Amq27yhhf4+jnzr++YJPRsAorA1cJof+hsO5ueADuegRCdmFFiefD+nI+uBzExiKBKHwYZoGk3r2gJAKzm4mjIB7HwXbdVVM14HDGWaC3nx1QvyR/cCgGDegHD8iafKnZyOFH3PxQVkjbleuj5YNofEA2z0FgggZ8uLwwNsfQOLQUQT621njkiC43C2EcUtoZNEeQI5eD0BvICQTEXNTK5m3bkrT1+PVo1DhWxgYPFq0R4bSNKgqIMWO0xaVLl9I7n3xCG736gg5SchdXu9BKWXFWYVPcfQZJYrYZNwNpQ1vUGSTOKM4si34+LgYp4bKg1g5nTfFUVmf/WV3FWqPOOCNeyOMshcAB3MyqH9uZjGGx5FkAEYQkDOHQkG74fFnZqAAwzkVS8hDmj7xLVmBhgyVjAG5upYaPXFsenEZgABnrZuO2DwKUIuxINS+cU4bqq7lQWYUNgV8vz/yDsy1Hm3cffp71F2CT3mg1y+uLxo0hy1/E5ENjUVcEk6Au4IWo1MZQeT8Em3CNOIkTZj1VOq+MNYAA4vBynPIAP/cBG4QNZ+MJA2TgZ+PKT0tLriD9YpEZSJ5QhqY882Ai1DZj/buKkBUd4x0SmwIeLKMcz3lms9YVP4QREdhzcbA0RyJyanRicsPzNbIFC7zRFiUNCPOBO4/ur0eERqMER+WYl8SJOaWTD2Eg8As0MjbLmGMmRz9KDKOxU6fQ8OHDqbq6umCsMY8YoX5ibBHa4twFrC2+MYumLV1AuVRKKjTGFVHhQI6Yb0kyU3ayfpsBAbI7opLxRWSM48swa6MQkQIuBrt3d7KWiBmjA8ePoY/KUrJ42wXCedlzMgrAJgWEWMXPy3oBTNF3CYmDowiVhBf7yQxsIB0NZ/MA4CpDYxEU9/H9dFxFbZpaYYxID+MmQdjGr8/XcEDET8HAOgLGw01VTOxv76fvAyAgrtuHXx6KfBvsxf1hdkmsQFau22aWwd7aWBVSNsYcCpZ1H3YF99QLzQ0scB2FCPcPulpiRXSSGvLgCMHNWpF+fo58QMYPp0pBWBahxXpkXiwyBygzFKvU8JD4oKWGpVMIt/RgKw7s5KT+vhTS0HzgGtQNwOQJOCfFill5HFoYZM0VIhDuJ59jQobMSVwhciBMo7zFMh3MR3xtaKvgKNbcMMvRzuS4dVuCtp0w1dMasdmEO9boEaMlNWiLWJ7z7tx5NPmlf1MFJxxnNsWSHJAhih7ECC0XjRm8lslxZqAVciYwnoh4snzuNO6YzMk2N1NyyBAautkX6eNp61NFzSCqQrpI3IFfxGEw0iWI9AVdRQ8gCdwXi7Akxbu7vLgJSaRqDIeNLCjUZSBBmES3yQXR4wDdoavI8gk3DL3JjoYpUo4ey8Ldmhm2pcoNZ3dtLr2EEo2XUl+iKobAZRUDki5F1JMLBujPvHOhoCwkCSeNdlak5jc30iuL5tOzCz5kHoxTdXk5y4BXjGKipMTmFBRHlgHJY6tDJkfmIWiHWcrIihFMymB5D7Ysq2Tl7KDK0TRmynoy1hicofaIEWSW4W40NppdsGgRzXvnbdrkg9mUKysX1k7ygUBgVSzeBjlmoRFyxZHuM0eD8Q/L0Fl27+zMUkdrGyXKy2jk3vtR9fiJkmiECBEi9BR/nz2Lbn3nNRpaWcn8g128jAeTo2jLhp9EbWaixDMtnkkLtwmRghxBlkyOrcxNP+yook2mTKNRY0bLGzHuJAyi8GCX6TS0ttKQZUs5Qe2vA6BPGKGkSpeNEwHFy4k90ZfPsaqKAU+MNSID6aYWqpg0mdY76XQhRXaOECFChF5hz+lfpFu+O4M1SXwvKm1cmZNAdsYsBAiiYfITQHM0NOetlWVSY/2S5uRaqY17suA8cB/CWkgIOOCAp7wX3dxCdQ0ruTsMFlYh2wXRdWEgRBMGWiNnzDCkuMlrf21tVM5q6vj9DhJ5wGY+QoQIEXqD2opKunWnGdTSkRbuYdLhP+7NMucw9Qj/yPvTsDDwOjGG/GRpIf6sRsjneYkcE2MLE2N7ODEClhjb2jsow6RYkU1zn51VVEu8fCBiw6TMg1hVDheNTAiRD8SNLnlnMs6keLD4RYgQIUJ/AWOBF23zXVrZ2iJ8A+7B5By6yMpGID/WIkGQIEI+QJ84Cy3CyKfGZIzqW5qpvc0nRkuOHjHKhAl7tjJ7Vq1qkG+1YG2eEqwSHiJEALzXgn9595kPECKAM7TFHCc2eo99xC1ChAgR+hvThg2nzUeOozQrYYAQH/gKHMSHrCvO606Lt4w76vIeKHkxWphrowwrg6Eao2VKaHptrKKWtTQKI6pGqv13jUiiBgPyr4YRJwYWbMOewzuLVdVUM2WqekSIECHCasBBG32FmtPtyl9s194rkyIflhwBOwIJDlOdEdqlDhMu5+54uoN7ycx9UA4tCjTGjkwHVba3ixumv2UdnxChVVNBlkgaf2BZOLAfWJRlc0ystZttJnIRIkSIsLowacgwSsVTosDhB2QIwpMzBGKw80nGGeFgiI/NOXlbhqghplsrFu1KwwGe6XSOytMdEhlIEeGxVEcWvYpqqv11GKGKCj0iZ/jnOKAxVkyYpJFGiBAhwmrEWU2PU2OsnGkpLmQGDsIEC6hRlTn9k4XhSV3Cw0RHcSZD9IGb4znKpVVbtKQICDFaB5wz2TQloD0y86WZ5Jo5UAurmemMJUBdBwSelM8TsBM2q0UM+BgNNMeyQYMkvggRIkRYnRiXitHhs6+klcnBwkXgP+nhsgXEx6TEjkySWOvY1iavCmLDCazPBoFmoGHKemzlQAshRgAesl0PR6p9dDhqjxxCdgcV/VEmhAxksZgbdqxv1AQQKkKECBFWL1oTVbTJqldo1/l3UVOqFpMdSj98yKy05SL0cGGFPYW+MPz19WVQFnjLJUePGAFQHzrLnfj2gDiYRGDkSEB+EiEc2I6z0CX61ejMe/F6hggR1jq8/NJLtNMO385rCBE+q4hRY2ow/WD+PbTRqtepPcHdagvDXR7Yjjsu447Gjp6v8FwAecSogApqAIMwJSKQGPTPjcgY5SV/yBhOjRBhbUJHewdddsmlNHHsOPrGttvRk08+aep0hM86cBfrU0PpmNmXU3m2nbVA9F1LvLdMW6LcBVBIjC7n5REgYpBYDLibbf35rN6GRSNEWEvwj0cepe99Z0caVFVFl192mSwOHjlqJFVWVBiJCJ8L8EOuOVlFp84+jxqTPZjjKEJXIRojy6JvzodwLkhPtEAwH7soAwoJwigRs0HUU5gxExRpjREGAPbJP3/+fDr91NOobvAQ2m/GDHrzzTdp/PjxVFtbK8QY4fOJbCxJQ9qX0UEf3cDkWKvc1B2E5GJMYfnChcQogspsQnDCdiBCnP3F3nbdorizI9YO2cjX9R4KPiKWNSvyI6w5oF4ef8yxQoJ/+P1VVFlZScPq6uQ7wlG3+fMPPBhbWWvcfsmjtHHDm9SedMYbBcpPpSBUY8T6RNb7uKZxUmbaRqa+ES8fyACmxfHJQulOezuZMpPKQqF1GxPGjKVE0nwdLMIaxe57/JCu+t2VdOppP6ONN96Yli9bVqANRPh8QtfQxKghNYSOnnMpZbD1mLhZlM5NocQIZVC7xugiq0XIUHxBhHAXi6SFrSBFTkhx3e5Hb73l12j5qpXGFmFNAgS4w7e/TcedcDydc9559NiT/6Tr//Qn+QRwhHUHOah2rKQd+v5V1Jjq3ZrqUGK0xCpcByIECcrhm3GSMx8gSbEDnmHdw47f2oHef/99qkqVGZcIaxJh3eW9992n4K2GCJ9/tCcqaKvlT9H0xncoHe95ewwnRmE8++q10RRZS9SqBTubsK5R5EyFg1XcAOO2DmHGHnvRK6+8It+qjbB2AVvXuxsERPh8Q+ZA+LyKu9THvHcJtSWqe8xIocRoZ6ElMv6RiRawo3SV+bBmOEMIZ1hxeAS67uDwHx9Kjz/+mHxUJ8JaiGiZxDqImGxSW5Vtpj3n3UItyZoe8VIoMSrfMsuZpywYWMcUmfS4kmm3hA/Th9buNg4Ow/+wriv42cmn0F1//SsNGzYsmvmMEGEtQ0uiinaffzvVZJq5U1v6Uq1wjVHZTohPOVAJEktyxB1WcwZJCh1ABmZrXwdwycUX09V/+AONGDEiIsUIEQYYYX1V7PzQHq+iAz/6IzX1YOE381hnJ7Yba2trk4/sv/3xxzT1XzM5uhglubFn452UZFsK2/rEY1SVYDdOH58gTLNGif3PsrEsdWbh3kntTY00+SfHUsXEz/fWY9f+8Ro68fgTaOy4sXmkiAcFvst921/+ImWq2nVpaGxspIMP+ZGxRegvTJs0SXaGsou7cU+WLllCDa0tYo/w2cWn951AjXMeplQZPm/FXMX8hI1tYgnwFjS4GJUlslTTvpJO3+AKWpUaLN/Dx5xJLpumyo4cHVA9hsZN9T+jii8NhhPjs09z5HGuSNAY9VOpKVAl65dVSU6W23oHs2OmMysf4M/E0L3mPn02x8TYTBN/cgxVcmX8vOLvd99N+++7nywkDtMUhRxXrgx5fhUHvuf9/R/8gP5+373GJUJ/ISLGzy9cYkT3F7c4jBgpk6F3UtPpyuln0ODORuntdkWM4V1pjBVKPxne2j3Wxdtqxh482BYcLR+i4oaDzZ/X96VxfcA/n/gn7Tdjn6KkCMB9yNChNLTEY8iQIRLuyt//Xs4RIkToX2TiKdqg4S2a2PKxLPzuDqHEKHsvCg+ADPGPHyUGIUnhSNhBlMasVhaQ/7Uan877lD54/30+Pih58S/I7qUXX6Tv7bgjTZg4sSgp9gb4ru3WW29D48aPMy4RIvQP7AP9cw9DQWJkUtIJZLGZ305qSVTTLp/eTS3JKnHrCqHECOIDEYqSCLuogjjULq/ewCx2ZEKEmCRtgP4jjf7Agw88SPvvsy+NHTmKKpIp2nDa+vSFjTehzTbZhMaPGkOVqTJxO/LQw+jRhx8xofLx1ptv0Ve33FImWkBkOIpVOrjj+9ylHhjCOO+C803oCBH6jkwmS7fdcmu/PsDXToCBuB3yZUKhEwLia5arxrXzv3xon81p1ho3bphFI9qWstbY9Qx1+BjjzKe0v859bbwzjYmXBEeMyZfqBLtxw8/kYtTWmaEEd7ez+OO0wYuYfFnv2OOpfC0YY/z9lVfR2b/4JWHr8orKSiEzXGd1VbVoZ02NTTR/wXyqKC+nyqoqITRsAIHzSaecQmefe47E09LcQttvuy0NHz5cxqlQ2dqY0ObMnk3JZFLsFgiLdDbffHP58lh3wMJjvFf94CMPG5cI/Y11aYwRD/brrr2W7nvwAdrle9+nB0LqFXo+z858hubMeY/b/BLpNWEj6srKKqqpqaHhI4bTRhttRDt997s0bYP1Tai1E5/efxw1znmEysrKhAQTTIJxTBjzIWON3DYxxphmbmpor6SKzhaaVfc1un3CYVTVsbKHky+WGJkQMZ6YYHbFTA5mqqvZwHWMMsyE7UyIcSZIkGeGWRF83d7AxHgciHGyZHwgsGL5cvrqVzan+hUrZPwO356FZnbxZZfSQQcfrIXo4InHHqdTTz6Z5s6dK2N+aDhNTU0yIXLueefRKaf9zEj6WDB/Pm20wXQhyyAxLlq0iJrb24zLuoMF8xfILP2aAj57iQdLecjeirgP9r58nokRdfaJ/3uMHnjgAXqcz+UV5VTFD3ns7rTfAQfQb393hcgtWLCALrnwIrrl5puFBFFmSS6PuHnQo6TQflGeOPBQh5KA9bln/eLndPQxx0g8axtAjE1zHqUkt2kQYiKu36NKcndX5kH4ysqZGKHIreooJ2YvGpxbSSd88VYqT69icsyWPvmCEgL5WTPXJCZAY2WzHFBPISQl6nnqeQDx8YcfSpcZn0QcyjcVH+jCa3pLViynww4/vIAUgW/v+B167c036LTTT5cKhIqCMCNHjqSfn3UW/fqyy4ykj1WrGuR6XVL0sBaUQ38Aje7xxx6ju/96F/3trrvpuX89J42mGE479VQaPmQY/eLMs+jtt942rv2Hu+68kw7a/wCayg9dLCWrZE2/mnsCMNdUVNK3tv8GXXrRxfKAD70vnwNcd8219JMjj6Ltt9mWBrGGt8n0Den0n/1MtMDRY0bLgx2NG726KVOm0HJWEr777e/QpHHj6eYbb9SvffLRxqTX1NxMzXxAaYgxGaBtYKu26upq2bty1KhRQhJnnXEmja4bzvf/XyYXaxH0cvgHGiLOIHlul2zBOR7PsqOSpXS12ZDja9p22VPU0cU71KHEiD47dEVuBRKRuIAM2SR5gIslRcug2HoMTiAF4zQQ+NIXNuMKMoZSKZ15WrZsGc1i0isFZ/z8LLrqD3+gxazxAahEIMhqfgKHQsrm84UXX3iB9p+xL9Wi0bFGPGPPvejoI4+ko444gn7AXSuMx2755c3pzjvuMCF8oPuFm3/D9dfT17bYgsaMGEk/5d7DU08+qQK9xAnHHkdVZeWchyPp/vvuo3nz5tFGG25Ee3He9t13P/r2Dt+mVDJJ/33+ebrskkto/OgxtMM3vknvcVdRMfD3Ce2nP3DGaafRNddfJ5vvYrwbD+/B3CsCGYrmZ+oktMY/33CD3AOU/xguk0NZMfjTTTfR83yP33nvPXr9rTfpgYceotPPPFPiWbhwoZCkzSviwlARtEYMNe3AD56Tfnqi+K1V4Hwy1zEFMSEaO9AJlRHaHx+iyJl60JEoZ2J8jNoS3K6L3JYQYuTChTAfiAzLb7CIW2iRSRCE6H3QWgYWIYszJGBhH01/jQOv55WxFmHHAdEVOPCggygVoiUWw+FHHkEHHXKILLa2BWxOA4p33n6HbvrzjfTLs34u72b/+OAf0VGHH0EXnX8B/eORR/RB1Qd0cIP4+lZb0/bbfp1mznyahqPRscYwrG6YDEdAExnOXQ0sU1q0eBEdzSQ1efwEevONN00MROPYD8A4FRoaGitel9xjt92FUDff7EsS7lc//wXV168Q2a5wPWtH2KkIcWDIAmO3aMSt6Q5645236c6/3U233fEX+scTj1N9UyPdy91J9BKGDB5Mc96dTZtuuKFoO1WsAQ20Bon0f3PZr71zb7GiYZWU+aGHHSaase3BBQEymD1nDu2003fpedYm5y6cT/975e/oh3vuQRttsrGMsU9ebz36+vbb0Sk/O5VefPUVeve9ObQea5lQJgA3XrQp3N+b/vxn2pEfRGsL5LaCp3Ay3CNsxR52SaHMIoucHtjpe1z7XBrTsoDN4ZMwIWOMn9DUJ/8pkUJjQpJJ1kvx0X1kopoLCMopxmzwXWk4YswiLZERtTGhrHf8CVQ+ec2PMY4cWkfVNdXeWBLGGG+67TbaZdddxN4TyGazHA+6GuddcB79hLUWFyCq//nqV+Wp7QKVaRE/eZs72o1L74F78gsmguuuuY4a2/zxsPJEUjQCEA9mHzNMFBgP3Wbbbens88+j7bbbzkiWhvffe19m6KEZYLdrrVx8X/laMNaEuPExqWwOd14bCTTyMj6WciM674IL6EzWtjHwf8B++wmJekSEhqsmGd5oaGigVc1N9PRTT9P239je+BTi26zxvcCaDQixncuhlskOZAgNpjugu/3Qgw/K9eDhaMeNLHBdAzHGOG7UaMkHxkYXLVfy6QvQHR7NGiHGxlzix/Xh7as/3XQj7bb77sa1dFx/7XV03DHH0Lhx4yTeYNyNfA83+cIX6KlnZhrXgcP8B4+jxvceYYVIlZ9kXMcWZQIGhMj1uCyRoXQuTo0dlWzLsUyGUpk0PT50R3pm2A/osMqhJYwxogykJnOkfJauMQw4izusXNnVW734FIcbn1V+zaO5qYmauMHZBqCNOmu6dz3H1ddcM6AbnF58wYVUW1VNv73iCtp4003otptvYQJ7jxv0UvrnU08x2e9KK+tXsnZWLVoSnuZzWEP4/nd2pK2+uqWQainAw2MT1qwwnuR9AoBvIcYS8aAE8V9y2WWsUbxMC5cuoQVLFtOLr7wi+dqUGweI6pxf/pJOOuGntMVXtygcg3QaFR4yPz70ULr91lvpi1/8onEtxNSJk72uIogZXcV3WJsphRSBW/9yO+3K5YMGjDEzlxQHCs/MnCmrIDCO187E+Le7/2Z8eg+stPjOjjtK9zcIlNukXq4MOeKoI+npZ5+VCUYAbckC9WNQbS3Neu01GescaHBnlvOkY/0xJsMYJozBjKh24scPeNRB+KNiq1GW7my+6gVqjwc/f6AoUmM4ApQFCsSeUd/FbtxERgxs4jOI0tgHAiv5CSldaGMXsAVPgN5gl912lW3EoE3r9a45bLfNtrJBBbSyhx56iLtCL9ABBx9EU6dNk6UU23x9W7r5tlvphVdeoiWs+dhyB7GNGj1axuCG1Q6md995R9y7wuZf+rKQopQdKhHHhWPJ4iV0B3dhX3rtVTrsiMNpg+nTZbwVg/IbTN9A3unGDtkfzZsr6zuvuOpKOvXkU0Qm7x4YIJ/oqqE7t/+BB9KQofq2TxDrcfe8nbVtdMeRD2g+b8+ZbXxLx82330ajWeuHlro2AJNCtYN1EwOUIR4m/YEJEyZoHQ0AD6jhw/N7Mz3BVltvRX+7716ZjAwC9QS9ghu5Wz3z6aeN60AB7MM1Dm0AQ34yDqjkJ858SH00djFzCEzADOlYTqM6Fsn2ZEGEEqMlOkQiySB2OePgbIi6iIzoYROTL//LWBeONYuR3KVABbEp4+ZBW7jhuuuMS89x7HHHUQt3V9YkvrLZF2n2u+9Kd+vVWbPk/eligMb20quv0EKn8uK68TAA2X1p0y9wt14nksJw9VW/F63YTlRZYBD+lddn0Q922dm4FMdoJuJ/Pf8fbui/ojtuv92sJzP1xQAEh5nOESNHGpdwfG3zLUSbAsEjDGZU/3zTTca353j8qX9643ADidaWVnriiSe4bFQjh+b7yccfy0xyX4H4woB9C4YM6dv+oDvvsgsdedRRonkHyxDpjhkzhvbde4ZxGTgIPfGhZQE+wh8AHRFEphwFOVyFLbN0IkUbN75BmVhhTyRcY3TLQAoEh5KhEjI0C5wlTSk0JG2cBgR4iRxE6N5ANMbLLr2UnnryKePSM+x/0IHUnklTJuSJvDqwz157i7aHrtHvr/kjbbDhdONTHBtutBEdwwSObqoLaIDQHr+2+ebGpRDnnnOOaMW2oqDsMAZ4/oUXilbYE5x93rl06mmniYbXG5x/zrkyFICxU+Qnw13BydwV3HPvvYxEz4GHw5577VXysMLqAmbKMYFlyxlnDA/84qyfi70vQHnbeF3kWHmpYe29r/jd76+SLrsoHU7bAlDHUFcxSTZg4GuXSRYxMwuhLGJZZiPtWmOeRN3wz/m3jMeyeH96w8Y3Q9+dDiVGpTjmWjPTickVZT3/BiAtlJNqlyBMlrHwxdYovvmtb8nsqgUKBE+17++4I11+aeFaxO6AGdjtt95Wlv+sbjz0wIN8PCDEMJEJAbOOpeKiSy4WQgtWXGiCWKt22SWXGhcfz//nPzIxEZyUgKaBL+z1BhddeolMloDUXOA+dEWY0FovOP98mSwBLEFfcPHFYu8LTjzppIKHxprGVVdeKffCvT/Qimc+9RQtXrLYuPQO9fX1oWOoeJurv/CnG2+kFSsKVxHgejAsgGGfgQKoBpqgLNUBJwlRMYPF8cIJO0BAZqXZ3ViF9SDM5VaTa+Tw4pqHUGI0XGfIzyQkCfIv7G6XGf/2EAJlg8ORaxJH/+Qn1NDIFyp5VqBRjh03ji664AL68qab0bvvvGt8SsPTzz1Le89Y/d2FQw4+WJbHYJnQ+ZzXngBvMWyxxRZCSLh2e2CcCVr0r37xCyPp4+EHHxISdgHNap999zG23gHaZhOWOjnAPcDrpZjdDsOxR//Em1m1eQcwzttXbLHlV5nsC7WdNYVHH35YHkCYmML123zgWjFO98sz+6Y1YnY9SIy475jF7y98Z6cdaezYsQVjmXJfWWvEm16z3+35OHB/AWuu8bqykBGf40yCIDv+N91srlcgRkAIsvv+bTgxciCJB5VUrCA8YUnvkBtsCFBXlENSk8MxEMAbLFhiEKaxYOZ2xYrl9OXNNmMNcifZYWdtwW9+fbmcUcHTHWna7YfdL7HIpNOyoPnaq/8os4MYj0O3BsSKpzsqK97OmTp1Gh38ox/RvLlzTUjFyy+9JFoMysYC6wS37eFSnyB23X03akXXFfXDAHUFr54tDhnvxOTI3+/+mxA4gPzgOn6wc/fjm6UCWmzBbPkawqUXXyLXeO3119PW22yTN4OMRdO33XqrsfUOYRojyhuaXH/ilFNPDdW8cb8wZHXfvQOzj6i84YLr5+omaxflzG7qaw0k07KQFQfjjmJD/Q8hrPwSNdA6zT/QCsWCwDBrfD5URnrRlji5AgpLDxCwGQMmI4IaAm5gkokAT77XX3+dpk2eTHv9cA9ayRVroHHpJZfIbC4aEDScILBM5+677qKzzjhDPtFaN3iILFr/n622oqOPPYauv/46eXJ/93vfo5//8pd0/0MP0qJlS2n5qnqayRrvdX+6QbZKc4HX/RDGBd6vxaLfvgBdRGiH+aXPFZPdFi8u7DbecN31fO01HkHjvoE8dtppJ7H3B8K6mmsCS5cuo3899y+aMnWqjPf+lLv17kQGrhmz71ik31tg9UDw+qDZjRo12tj6BwcdcjC1MDEG2xWACbd/D9jrgoZsjMYo3MPlKiqaaIZsYj8v1+Kv3W4TMhThNQaxoAAQmE9aGHrgrRf8IVK440/AZlUc2cc4DQSmrb8+/f6Pf5QNDYI3ERURBxov1v3959//plHDR9ARPz60QHZN4Zmnn5YFzLZyY5wNn004YJ/9aP31pkh+199gA5qxzz508aWX0htvvEFf3+7rdO6vzqb7772PNcF58pmJ199+i2669RZufCfSdttvL0TbFaBZWjKyQAkEZ6h7AwwJuBoa0oHGiJ2Mgnjg/vtlcN8FHhBf2aL4pFHPMTD39tf8wEslknTGWWeKfbvtt6PB/FBzywbE+Nvf/MbYeo7GppD7yPVhcB9npIOoqKiUt2LClgahzkDZGBDItYMQQXZMgLA6h30/2nMz8Jq74+aiODHixwZG3DC7B2uKrttAEUsYjjz6KDrnvHPp008/lXxJFp38oQBxoPuGCRasFcS7uOedrduMrUncfdfd3lgfKtjTTz1FRx/zE+6a3ENjWLs9+acn0i033Uyvz3pdrgGLrO978EH61bnnSLd1/AR9Da+nCNOi4LbcvA7WF2D9XLDrirgXLyrUGP/7/H8LyDjDmuv06d3PyK/tuJYf0HggHPLjHxsXohNPOVm6pLY+xlibQVndfuttYu8pgqQIYEwVM/L9DbxZheEWF7gO3Nv6FQPT8xLOw4HilB112GDI0BYNTlLd2aAEykb0ucUgIgUoSoyqEzJs/TYEI2e5qWJTwC5O8NOdLAYap/NT+g7ufoIcsSZQniaS73zAHcSELvZVv/sdjRxWR4/94/+M7+rHzJkzpSuCfKDBnMQNBxoTXil8hrthv7nif+mgHx1MX9jsCyZE/6DaLKB2IeQV0t3tKfAeblCzSMQT3uYcFrheaMvBxo0NITDs8VnGXXf+VYYEsKOTi5NPPYW70/7kFLp6GA889+yzjUvpaOB4UHbB8kOvzn4uoz+Bt8jw0HJh085ku997dLUA1MNZkLFGZAVm/BmtDW7YMRZ8Jt62rCQADIWcAIQTI9YByfiiZcWcNCL8abQmMjQsaI6aoqqx+AkhoIHAHnvuIRoWKgkW+uLJXIwccWBtGQaSd9tlFzr4gAON7+rF3I8/9l51Q6WbNm39kl996wtGo7sbJC/WbuxrYH0BtJUCjTERL3iL4tN58yiR1DduLHB/PuukCGD9bCaXpTN/UTjrjHrprq2Umd2FC+nZZ581LqVh6ZLF8jALAmW/OjTGsSEPPAv/Dq5hGEIUfmKywyvJaOE5tGn4sxZpl/J4RIgzy4l2WQThxJiDdsVhsZUYVEY5SxpKjrLFGATYERnhw771oh/DUvm1ARizw/jb76++WsbVsGYu2GhdoJJCe3yEu9fbbrW1cV196GDt0AKLUTG7vCaAyQDsVekCjQyv7vUVo0aPKmhAYXHjS4phDVv2DPwM42N+2L322qv0ta/9j6yjDeK0M8+UdZ3uQxoP5V/1cME33pVH+QUf9qjfxV657AsG1w4uSMsi3HUNwChv0jWWM9edOCt2qEKoWkyW8VhCeUsE7KEECsUxDOHOOs3M4fkQPZWj4H+716KwM2IFkAMWF0KEjHFe24Du6LKV9XTOeecJ+YAki91kqz3i1bydv1/8lby+ormpWUnAEAE0pXfe7v8NXsMA8g9qjGhkWObTV4wbN75AOxdtNKAxYpOPIFD27sPis4jLLr5Edr3Hztdh+OKXvihj2/bhgWvGcMrzzz9Pcz/JX1bVFTDsgXsWbHMo+5Ej+19jLNZegOAKhzUF+ZCpFAB6fVjUjQcrl4kpFNjBZLBDVnon+q8/RS6pkBhNCAkjBMghpXsMB3Zn/pO4xV0PUV/Z0c9MkdTWAhz/0xNk26v99t9fXr9D9zXshqMAMfbzzFNPySzx6gC2SJOUTfpoHJh8WRMYOWpkSeTVG4wYMZxJV5/kFmjAWIzsorpGv7MTBMZYP8vAvpmoO12txcRu8e5CeNQ3WfD989K1xpWrwjVu3Nehw4YaW/+h6OuHnF53qyBWN7x88Vk+/4xqBZ4SDZIt8DZVDcaw63ARrjEiBonLRgg7XscGI+uSHdilTuMAoDDahmbd1mJgN5g5H34g1+HOEgaBDVtP/ulPja3/YTdMAEBMH334oWiz/Y3XX5tF23DXzu64g7eBwrrSGIvtK7AUyu7daIG4gzPeQ4YO8+uMASos1jz2RHNam3DjDX9iTTAjy6a6wqFHHC7jjO61Y5UENuVNp0ubyMAsvxCj08gRH4gquE9of2DRooWhmiE03/XXH8CPZtnL985cpjCLXctXfo0bTqo9sqEIA4Y7IxY5+EcOceUI1SwR86/tWsvZConPZwOTJ0+mj+d/Kttm4Q2CINBIcWAH6Mv7sOtyV0CFcsfj8OI/dr3pbzz66KP07xf+K5tOANjqPmwcMDhz3BuETb6gUoCIXSLAfoFBcgawfGfWrNeM7bMF1JNsZ45OO+N041IcBx9yCLXiNUFjR12Dpnn+uecal64hY7QOKQKIA2U/rK7OuPQfPvzgo1BihIbf36smSoVcPg4wmUyy8GHM4oF/HEKE7CbypsTFT1itACHECFWUReVwzXxIHXbsYtOOM6LHBIw6q99nBXhbBjsdh70oL8SIV7duucW4dI+eXD1eE8PaMJQz0rI7AvU3rrziCvmAkgW2AAuSF9LHp2L7CpnYYdJFfBaoi2hUywIaKVYMBPOBt3qee3Yt/PBSN3jrzTdp9nuzabdddpVPbLgPgTCAPLGPqG1LAO4/lo2VAhlj5DJ104EZ5bk6luu8wQ+rsBcAUH/xFtZAQbiH6xoO9KLZoPwn7uasggw2C0nChL+cOgcQQowmPAPBLLnqzZPY5IC73hA+ZGkPHKFFwiksqdULTGScf+55vd51+8ZbbqYtt/yavPAfBJbPzJk9x9i6h0sI3eHb3/mOrOWzQFikd/qpZocblGcf8efrb5Cdt488+mjjggmScQWTL8g1ls+gLPsCjJUGu8gwgRg/DSwH2mrrrfPGFBEG+0neO0Dv3vYF2IwWON2ME3ZXD/D65aabbJp3/dDacfyJ71l3QF23hOAijLz6A6+8+mrBUjLcL7QZfIN6wIDr53xoMagZ44rerjl89igJZjnDKD/iHEQoMUrEDO0qIzDc5Ef84njC8z9IEK4StbeExziuYaxqWEm/OudsecWst/jHE48JKYRpUliHt3hxaUtZcPnBOIoBm8Hi4/0WSAuvif2ONbxZr83qc1lifRy+3zGoopL2P/AA40rykatsYIKE75yM782f3/cNNrC7i0uMABr8ksACcmzE667pw/ULgc6bR5988olx/Wzgr3f+lSZPmkxbfm1L49I9fnbmGQW7EWEi44LzzjO24sCwR7BrizLHt3j6G2+/9ZbUaRnTdICewcSJE6lu+HDjsoaB9iFEBMIzpMRZlMlgkCObc+Zb0zgUxtBF2wonRgYK2KvWppEr72HyRazqj+6zNVvkWdYM8GZFkq8UH2TqC048+aTQ7bHQYLHJgkUuMLngIsFP1fe9T3d2D3y/JUgOWE7zddamwsY+SwXeF99k+kayiws2MAgimQrZuZgbWn9MwIwZU7hNFUg3uBzo4B8dXDD5hesfXFvraWCfBVz1uyv5GnL0s9NOMy6lYe8Ze/OvjgtagOxWLF9BTzz+hHEJR9gsMewyOdrPwDe9qwLvtAMYegm+3bMmoVcPrRkLtqFtswtfP8ZepcfLvvi0FYpJdDxmPJ/buZyki1uIcGK08nLwj9wz/oFZ3PCtLXxW1dhB1CKqMg6lrlGUcxfu0Uf6RozYMbqt1ScpAI0WpFg33B/Qrq0dXFQrlGU3PfgWxrnnn8cNYbmkY4EKjsXp+ETpB+9/YFxLx6033UzTuKtWM6hGtig7/6ILjY8PrHULXgM0AhBqX4FF3m7cuB6Q7oJP87vSWLv5A6M1utcPMsc3RbAN22cBv738crm+o475iXEpHUccfVTew1geDEMGd7t0BxpjUIMD3Idsf+EG7trjnrjA/WpsbJDXHAcMIB6sXwTzgfzAPXDjM8pRlEmPj4Sl9GAChT/gVDsPRTRGjkoWeUtKGrGJTw7+8RKz44tyICPK1AMB7MuGi/3Ho48al55DNJ2ANogKgHeLsbTGYsLECUI4bmMGkD4ma668orQBdAAzxfvst1/eXn2IB5oDyBFf8Sv1W8TPznyGvvLFL9Fxxx4rb11gicw1119vfPOh6w2DWl2CFi9ePTPTaMT4ymEQv73yd7Rs6TK5ZlueMOPa8cH/vkL261uNwL6Y8z6dRz92NovoCTAJE9yBXWbmX3uN3ptTfGy72O7dcMMQSn/hiccelyVkbrcdeYWm/+PDDpMe0kBCZ6HFJPWG/z0GQlcarwqCPOGOH2/NNR+QD0NBqcpuH6v46YXIRANkNgYNIiX8yKF8iDNO+JXBdmPmZMU0EMD43CUXXmRsPcfKlVzZAoUFwtphhx2MzcekyZMLuosABqg/5YaCXXFKAWb15s+fLxXabRyWHDFRcvFFF8m3rrGp7Qfvv28kSDRNbHpxyoknif/O3/u+zPzia4JobBgU3++A/Y10PnS9YVCrC98Fp6dAnsOWAy1YWKiNYozqx4cfSg2rGoyLApMwjz/2GN13zz1iDz6ESgHuXdgWa/0JbEaLN12O6+V6V+xevvnmm+dNwgDDhg2lM08rvuxHyiPkutBjea4f9ke05X0SX5c7yw13HPhk8dXXrp6XH0qFXD1zVUzGETlffOiyHD7H1RyL6yYS+nYKxkmNv4QNr1MFxMihKLugWXyk3BEcBlNIArijPYmTuiMR3XjCJDhAQKV48cUX6e033zQuPcOrr7yaN6uHCoDZv+NPLKz0e+29t8zI2QpkgUaIyn70kUdKl7Yr3HLjTTS0plYWXme4u45xoyChID58tAqEiw8rQSPENmlVqTKaxF3tfWfMoL/cfrv4gxCx3KVhZQNNmzaN/n7/fSaWQowMWbID8pr/ad8nX8LiBsnjC4RhuOa666imdpC3dAnAdaNLvt+MfeVVSdiDZd0VPnz/Axo+eCjXiXK5rtUBfCv6kYcfporKCtpk002Ma8+x6267F/QYyssr6OGHHpKHZhAY7sE1BdsawmGh+J133Glceg/Ededf7pDd34Oz0Rgr/vPNpT34Vys4j0JBUi1QGiBDNvHtlrIxBSQk6ZUWTF3Xo4Lawg8+6pjXypqDRoKKiD9/kwg90G2270erXcTFvZs0VytwM7GV/Z577GlceobrrrnGG0vBdaGybrbZZrIXXRBn/fIX8iI/IGXgAPlAV/aE446jjadvKBMJD97/AD37zDP0t7vupp+fcRZNHj+RfnrCCdL4MTOJtZSzmNDxLredkLDxIj4QCzRiXN9YjnvsuLFCQHiVDN13NBSQKnYw/+YO36L/vPiChC0GfPq0YIKE01jWD3syYieWIDGicXXVNXxnzmwZa4Pm5F73mLFjaHN+GEAzhr0U/O5/r6Cp60+jr35tS5kxLSBpzkt/LGafsdde0uXHg7A3sNdZycTKFjFb4Fqx3nS3kPf1w9YwWmDIB4SaKfENmmJA3EcdfrgsFvfLvVO68Ng4ee991oJPp+KHsya5Ew0RXWVY2Afsxhqhp0WKv/Hjs7z9oiELUPgYRYCGDso06oaUUu78Y/k2zmYJhITwz3Zoj1LtIMdHfhVc80ADxNhaT7cOe2bmTPrPf/4jWieAxgTie+rZZ8QeBMjoV+eeXXQWFzcJlQpbwmOX5kMOOoh2/cHOdNQRR9CfbrhebhZIDZX8+zvvTH+87lrZy7ChpZm2/8Y3ZC/JJu6uWKKQsuY4pZKiAuDeMEBueINCvqHMef77vffSXX//m3p2AWyEG6bVzenBjHoxoLuPuFwg3w2sEduHSRBo0HOZ1HE97jb6IHzk9Ye77kY/3GU3+uijj8Q9DPffdx9Nn7Y+nXn66TK08OTMp0NnvUFmG0yZJlr3+NFjaPrUaSLXE1x8wYXSZYWGhodJR3v+Jq6lAHnBZAkW9eMNqyDQe8E7/Xvu/kPjosCQj1cXQoB6dcB++xlb74BvnGPZlU0DZVjP926LLbeU3eLXBiBrsnkEqhrnTz96pUQIE6xqhiD74FKkS81nO2scgkJiZMSSrHl80szaI0JxYLQdjlw/awA3Tk20RTbD6LmZ8wAADTyb0a/B4UZiLRiemt/fqbSFp6+89LJ8JAsaGIAuHboL+PA8xrqKAd9Y2ZHDYVzPbXwWyAuIGvnBB7mgWWC8BqTa0tIqpHj1tdfS7XfeYUIo7rz7LprPfvhmNDQedEGxBhAbMYAAsYUXwkLrwdsSu/5wd3qAr/eTBfPpez/4vomla7jvaVuAzD6Z2/f1g1f89n+p2mjeFigLlMFee+zhfYwMs/1uF7K6uoqvexF9ZYstpPwzZpMPhB09ZjS9yFrwFzbcmKZMnEQH7rsfnXbqqXTSCT+V+zy4uoZ+fPCPpJzwCdq55lMKuUz+2B3iQ7zo/kJzRPqbc3pd3ecgfnTgQXTxhRfSCL43yBuIdvq0abKWEe95hw2JuPi/R/9Bv/315bTPnnvJN3xA/jiQNzm4PqNO48CnH9DTSHI6I4boJ2bDvvVigfzgWrB13m03947AvrHt16XOQUlAfMgTyvXb39mRHnvicSO1doCzp/yWABNpXQEN4QSGg0qHVTywwoxvwMCCuQT8hSGcGJkQOz5ukIQs2YFk5RNH5sbhLO4IwGZ9X1qX8IQntXqBl+axNAXjgbZCgoAwszeosop+dvIp8mW8IDCmCM1ym622km+VAIgjkUjS/EULS/rw/N/uu4fO+PnPZSwGA/22MQcPVHKMSaIrAoL70SGHUHN7G59/ZGLywSG4y1xHZ597Dr0y6zVq6WinDz75hP77ysv07/8+Ty+9+iotWLKImjj8W7PflTG6b3zrmyZ0acCmtGFa3SAsMGdi6w2gsY0bNVoaZnA2GGWAhobt3DaePl3GSbFc549/uNpI+Hj4H4/S/Q8+yI1f11XaT4+CzDH0APNTTz1Ft3DDv/OOO+iN11+XYQZMCOy+++707nv5XXbI4w0j3FvsIIR1ksedcAK9+PLLtLR+Bf3lr3cWlEUYkFeUER662JoOi/NxT/EghZZ7yIEH0uTJk6Tu3d/F2zuXXHQRnXLaz+jee1QGGqc86MyxgjUzxAvyw8MUX3vcdpttabqpj8VmpC2QR9TnI7gr/PsrrzSu3QPrJzdkjftdvkd44AJtnA/0Xn7929/SX/92l7itLeiEtiiEoz0oIXG2y0w1AzPQ8jEsEBj4SzRKSMMPh9qDYB7r7ASRQJ1HBXx3yXwacdAV1NmUo0HfH0+xyoSwZxmHRyWtYguSSOc6qYMPsC40yYxZ3tPBT8r1zj6LKqZNRfxrHP97+W/okosv4YbULAtSMRGBCo9uTmubVmDYsRg0ne6Qd1rRiOGGioh1c788+1d02plnmBhLBxrexRdeJDukfPjBh9wNSgo5oFGCLLFBwDe+8U1ZKzmjj99v7g9stvEmotkEXyFDfqEBX/mHP8i3nQfVDJKGi7G+YhhVN1y+gIdvXIOgANHiuW65ZywPwkw4zFaTPvX00+ikk0+WMGHAEMf1115HDzNRdvD9SZWlZLG4gOsfyraVtW98JfHSy39NG260ofoZDONyb2pqpu/suCPtvffetPc++8iWb70BlmFde801VMcaIrR+bPqBrnQ5kzw0UFw7lnbhOmfsuy9ttLFu2hHEJx9/Qh1c/yCPDWBRD5PJ7onZAhuNnP2rX8mkXBAYfkGeLHFi5QI+ZHXhxRcX7U3glVesxbzpz3+Wd91xb1Cfl3HY7bbbju65/z651rUNi585llo+eZjrcAXFExlUB77uTkrFMfssjElliSxlmJ4aWtEj6KSKRJoy2SR1ZOPUmOPe2ISraPp6I+QBBC5AuRUlRmrjp/OUQVT+5TqKp7NMjFzInGoVB8LCHBBjBhoiEwx2EwE5so3SK5kYzzmTiXGaZGqg8PqsWdyVeJie/8/z9Pbbb3kfxgIh6jNCVW40KkySYHLlh9zF20veROgfgEzwBEYjHDd2nD6m1gLMfuddOvaYY2TTAzRuAGVhHrlyRhlhuQ+0BZRRWzYjXyQs9vEthC/jByc0JSzVwTpGNDC8wQNtHuGwoNy61Q7u3XeP0YV85523adFC7mZznnA/J603mbbeuvhu61jXCtL8POGCc8+jq1gTDO6DCFLE8M7ll10mm6JA67Nj5vDDwx+rFcZPmEA17IfhirfeekvW5IJMMbQALbjZTAaee8EFRcl9bcCiZ4+jViZGXGM8lpE+cJK1wAT3doUX+ShPZokpzBAj7B38oE5RRyZBjdlhTIy/L50YYxiWSeeodsZ6FGvPEnQKBKjgBoDOcoaf+B1CNHidqVM+N5OF+6oGWu/cM6iCVf+1FRhTktEFLrnV9cL92ohpk9eTcSNoW9Bq8NEpq72hDsi2YFajy7JbTnfIAclVVlTS3ffdQxtvvLGJLR/QLqAtRlgzOPH442U803Z3ATz4QXQYngFeeekluufv99DMp58WRSHNDzhogqK5m0NIgO+xfFN8Mj9gWEGAVrn3jIGfcS4Fi549VomxnAmNmLRY6U4wMaaEGPGAj1F5KsMP0TgTI8bUiSqTaaY21hgzcWrKDKcFPdIYMzGKt2eobMvhVDlhECVYF0UA7UpjWUiO2llTBDFmmRixh0SWE82wlrE2aIwRCpHge5VgDQtdN0xkYKIJZ3yKAOsfsd3+CNbqRo8exVrduLxXIC3Q+ES7jDCgOGj/A+jJf/5Tx3LN/RBiZE26uSP8lUAME6HntGrVShmSEEWHw6PHFHavPwsQYpz7CGuMWKuKr4FqVzrJxIjJKuzmrcRItKq1kmmSe8JMjLYr3cQa4/xxf+iBxghiBOFVxGjoDyZSolU/MFPF3SVMbYAY06aRQHtE9xpdaSXGs6hi/YgY1zZgMTImqCJ89vG9HXeiN994w5s1BqABYj3skvrCfUU/r1j8L+5Kz32YUkKMTPbsFgMpghz5AMqTGSbBBBMjP0SYpcoTGVbmkqxBgxjr6NNxhV1pHZ0tBi7vWHOWOj5tlsWQmMbBom5mUznzDzsyJbJ7jAVwe/TjWQgcYW1DRIqfHyxfvkwasAss8RkytP+/9bI2w1twI7PLzEuGfqAZQpMTV7iJIzrWfOJisx/e9/ZsDKBrYgRScWp7vZ7iKe68Mxlq1EjY/vJhp8K9I0KECKsTy5ct1y6f07AxARo2S/25hqwjVB7Cshw74dLJ2iKYSErHUJKYZdxRSVF+cA6hrO6JkVPKreygjkUtsvBbIi+Krn0jRIjQP7DE6AJdacz6r0sQThPtr1PeygMF6bOCNUk+d3IZ6YJu+KmbR1NwtuYAuidGRrw8Tq0v11OsrPR1VhEiRFh9aDczzy5AjOuaxmhJUBZqi5aoJKldaZ2Zht2Sp+1Wq5ndi6AkYkRMuYY0dcxtMq8JFgJZiRAhwuoHXlLABhLB1QGiMZq3t9YtgA5xYjoD2YEHYTTEh1KSkrJ2zwFQtyBKI0YGtMaWF5ZLdzoM+bcoQoQIqwv1K1YUdKMB0RiH9P/XAdd2CAmKgf/ZAq3QA5vFbgYf5WEi/mpXcyFKIkaElV1v24maX13BXeqwYOHMGyFChP4FFnEXI8aRI/v/Q/trO8A8qiEqCdqzHuwrKiLOOCSIZ+79rLQFwjMhtr9aT5kOvHpjEosQIcIaBXYmCtvwYl1criO8ZJgQHWqMKcJRpokN6cmvGg1jGT9mv2IEWDoxAogrlaDmJxdTonJgv/MQIcK6io8//oiSIcQoGuMI3TZvXQH4TigRO4GJsqZdacxE66SLiImdadNyqLjHsCZblhoWonRitMphghNY1EGtHzZRLNUzXo0QIULf8c5bb8t2bUGgieJd6HUKQnKd/M9ESExyMDMtqf4IctS1nsKRcAchxrCrAxwMQ4agx8yGCGMVCWp9dimyUSzeCBEirCbMnDnT2zHHBbTIT+bONbZ1BUpASngwgPCYo+SAD8gSezrAX7VDEKXoeXhlsKcaowQsCvZNxqlp5iKKV/ATShLSDEaIEGH14eOPPqKPPvwwdIwRO33fdUf+TvCfdwghMouBr6SLDICP4A5XYUT4QQJme4YXznyEoCgxhov7wHrG7BLuUr+7khKyhAcJRogQoT9x45/+LLui33bLLXT8scfRl7+wGY0cPVq0niCgRT733HP0izPONC6ffyjr8K8pDjlhcxucDbspSTLww4fYUX4czCPTAIoSYymIlyep7YVllG1KM1EaxwgRIvQbDj38MNp/xr50zFFH051/+YuuU5RNXHxFBGZrx7dnrrvuOho5rI5+evzxdO/f/05vv/WWfHbh8wlTDl7XGfCJEvCNKiu/xhEjkWEIIUYOgXidiLtCgrvSzU8u1E0mIkSI0G/AVoBHHna4fAoDX42cOnUqlVeU08r6evnWNDYdxsfQdKf45fI9G3yqwuLmG2+iA/c/gDbZdFMmyROM6+cVLmEVI6/ipBbUwAv2Y3xn2QIatf9vqTMXp0QO0+AxSmShmsIeo8qOnGxKm2ZKzSTYrdPs/Dyigqq+OYrSC1fS5PPwzZf8/Riz2eWU6+zgfj32TavljETLfSJE6AsymYyQ5JIlS+VzqviK38qVq4QsQZD2/P4HH9Chhx5KJ5x0ogn5+cHS/x5LbQseokRZBSXjzC/MVPi4fiqJjbVZx+uMy8a02WyMVspGtTn2y1Aul6RMOkGNmWE0d9gfaMOpI0XbDt2oFk+et5fOpzEH/Y460zmZsPGIkRNIcIfcEmMmHqM0/JgYc2zOtGUpuWktJSckaNJZZ+QRYy7XxkSLbwlbBZUjjg+iRLx3HySKECFCBMAjxlQ5JRNp0CITG8ivs5AYW7DbOUhTiTHNxNjExDiv7mqaPmVEHjHmdaWhTiY44mxZGUcoPWqBDFAaTbOgR86C2Lg2Vp6g9jdWUce8ZtnDMQ+sKUoEUFclnjgTZSNrmvbD6+H9/AgRIkToCtoFxnrFmHAWPmsgPAOYcVcfunoGE9NiYkOuE4yn8bjdaY/B4ChMGU9QrjJJKXwAK0OUzHQSa6WsPWoiYGQAZJnER14Y0CDhnKxIUtu/l1LH0gZx94GPIdhE+YxMMAV3siaZzdarW0SOESJE6CEy6SZZkYPViCA9/OprgcwqTJL6TVMQZo6qytspwd3g5vYKSmeT3GNNc2+XNcSEWQQeJEbrCGIsY6GOukHSPc6yWcAxJzjlMiZJ+YMsu6kmyT9sls8d8F+8soya/z1bw3UFDhaLMTl2tjM5QnP0MxUhQoQIpSCz8jXmoTIhQP00svKRcFMuQQkmrhx3p5s7yrmHmuDudpYqy9vYLUaZDCtynaPYTbkPsOSYpzFi0Wh5IkXp8UPl06kgO/HDR7FYEuOKAnX29DxM0ghBwszd8Pr7nxGzBT6sWgwgR+rkjHLXOkKECBFKRTbTQdnmj5i3mHtYE4yxViicBC5j1gE3yfvS/I+P7kOvzDGRpTMpIT58h7o9PopSSfSUVWu0y56EGK22iPcsy/lonzySU2UVlCPFy9foKku8Ekg703GhZLbxGUZJiL2xtrHpmTco3axEJ8l0cmAVDweTYy7XLJM0ESJEiFAKGt79LcWTg8QM/pGxQ/5JMEEKUxnOAW1BQxQ7/2B8USVy1BqfTBXMWVAKwYMFGqMlxspEGWW+MJHiHfjiPiummJFm4ZywMkfFB76tAA1SMsJSOEvqsLDamho+hD446AK2wI4sQACexSEbTObqORqkGyFChAhdo+GdyyleVsXcBY7CRIhyFZgG88oYVwTwFVOhQSYtaITgGiFSylBrcmMqL1Pus91pwDMhQulKp1KUGjuC2kdWg2YlQlEOofUZM9zwzWmlOv7Fy4rIFxz4HK8op8ZHXqBl9/xTMqFZLQWsOWaX8xkpRIgQIUI4Fj6xEyVSNdjsi4HxRasRgviYP3BIDxdTv0yM0OjYTbVHdmRDC02kWNlg1hjLwjVG6wBPrOOpKaugxi2mEKWzTFEswn4SF0cMTRFmWaJjEoBZhj1xhjhnonx0HX245znUOOtliiULdwIpBDKOc5wyQo4RIkSIUIilzx1M6YY3uBtdztSkeypifBGz0Qk+lNugMXZSlgkL7GWoCizFJrikaUnuSzSkpozKy8s9YrQQYgQsMeJF9NpUObXusBnFWzLszpFCI0Ugjlj65nEmUj4hmgSigBrJ/tBcIY+utqisrJ6mxg3mEOyBnHULxMP/8jZNcMlPhAgR1mVkOlbRwv/bhloX/5NSZYMonlBSjCeYEJk4wEfgH2YiJkUdksuxkoautGqJfBbNjrvOne20IvFNqq0pL40YU9yVrimvpORXplHbqBomRaZCjBOyP3gXky0ZhGI7yFE0Rvyxu5iyTIwJ9s7kqGrDsVQxfDJfUTeTLx4QIV9WsooS8Vp1ihAhwjoLMEL7ildo6fNH0af3TaZc20IhRWiIiViWeQKkCM7DpIvpsbJd1jYyAYIUs0YvkwkY/utkxauhcxLFqqZSTXWFcF6QGLn3CwVTga3R8WlGvF85b9kSqr/t/2j0DTMpV1MhrwNiK3AZ1GTWTXAwjDPmZMCyU8nSRJVjFs80tdDIC/ah0cfsSdlsq7iXgkSijj765RW07I5nKV6huxR7+RUmZvAJQwYu1Id/2R1mu9QoCL4MEVDluhhUqLiE+oT7Q702wMNE0jIxQvW2S57yAAmVCk/VZDovX9bNwtp1vs3CuuJA7D7gw+7qYQTUX1NQ/3y44fPh+4SZCuHUQQ9SFfPcYXHK04UTudxTdsCDuTi6yk0IWFxC2DIpUp8i9C9wB3E/c81JKh/dRFNOfJdvAZNWkpW1ZIXeYSZF7MKdxOcM+L5gfBHrFRNiZ25KZOTmZbJJPnVSB5MTSDGXSQhZJjpb6Y3s0TR44q40cfxIqq2tlZ6yO/mSR4wwZjIZamlpoaXLltHsZQto7J6/oQR3iZEgwsmkC8wcCou+dYZaKyQ2ltB6lKX2hfW0aeZuJCBaZ1FAHsE5jkSsjj45/TJaeNWjlBzOGiO7S3SWEAVwhN0G9KENBGA//Q+g0MXC0o2XpkQGUzAM2zHZBJPJR74EbDYs/7LRe2YIUbKBz15WWQ4PEo/zrYexC/zoGMH0LFQo6AtXW/pCjH7C+WkwPCtnRswQN/KS/y6gG4GKQcKovBPITddAy0TNXG1NGEdQjMh9YWC4WHFbhf37H4STUE8gPSWMUdk0NJ0IqxPMQSuTNPTbLTTthBWUXoXNZhJMD7JekOsWK2fQDLm+ydgiFDUmoiQIiSsAutVxdsdibmiK6SyTIp/Rhc6xG3ST9myC3qy6mTaaOpyGD6+j6urqrjVGAFpje3u70RoX04q/PkHjrn6KsrVVuk6RMydjicgSZ0RfC+TudUKUVFnKnW1up8H7bkHjrz6VtcUuFm5LUI4vUc5hy2j2zmdQ49NvKSmKtzZQJ78GNiUfeRcRCocy2IBC0Pj9kNIA1OjBtxvJvMxoeLjg6nO28bBDMB4vci+4kTXwtR3XrRjCfGx4lIsmJlI2XQMYrVVCcJ5thQijILd8CiIz0HB5sYrNdzOAlyFQITHjnZ9GCdDIxSDlDqODsNg0LwEfjkNrf1iIMOi1RVhN4BvZUZ+gcUfX07hdGiiNF+JyTIwYLwTpMQGhquK1PtwJ1Nt4PKsao/EDWWLjCIzeYeIlw11LEGOG45Edwzqb6c3McVQ7aWeaOG6Epy2CGF0UECOsGaM1Yred9xqW0rADr6KKhnbkSBIXguQjxgwMorTvTGcxd84aZceC5bRBx22USJVRJ2i7CGKcmTgNooY3X6M53zuXVV1Wh7nPD6DhKFmg2WgcLqNLXYYM5zfvAgw0pAvHJhqRJMBQd8TtEZsLkyRcZVJJbBq77c7btNSKX+SXm2J+0RoB9vOuQ0OqlJVVwrYKmIUlEm+LdpEPCAnYD+niZFyCJYTQFvl+oBkE991sVuEkZcbpu+H1ShkF16p2/YXOrF18LywMHMaGcuPUe68w+ppaAkCSXvoOwqRDiTEEkqO8CNUSLMMI/QssX862JWj6OUupZv0WSjcmKJXMcv1TrVAmVdgsc8x8TmAtIpMi7o4SpGqKqBNp1ggx2ZJhbRFjjHqGtthJjdk6+qj2jzR9vcFUV1dHlZWVQopuNxooIEbAao2NjY20cNlSmjfrTZp01E2Uq6uRpTgywMky0qWPJWSTCWxNBqQbW2nw8TvQ6IuODtcWWSyWBCFWU0d6OX1y6JXUcMd/KDVmGPdQ/UroZwoBuFDYT9zww2LaPFXKOPFZ7coiaDIWGq9IoKWjQVonB7YolAxMevLLh/GTRstPJNyk4tAumF+yMDDpQNV28qK/SoQW8BWb7+ShU7oTBuwvsh7JKgIlFwrDWXItfm66uh6GEyYvXrnI/DyIhFM+Ig8n++49A5W0IJiByAuQwfxr7grutfuRdxMogO6kA8Udoa/gAs80xSk1KkObXL5Qxgdz7dx2QHJ41xnkhzLniiev+omdOUiIUqPAmy6yeobveSYDVY01zww0QO5SM0lmWVvE2GIqV08v0B9p4pQNacyo4TRo0CDRFhFfntLFCCVGONk9Guvr6+mTVcup7dqHaNTt/6XOIRX6Ngw2qWUNT3UMqKicwY4sdXakaUr9nUyuzYhII2RAHt3lGFVS25KPaMkv76SG656gxNBailexZimXoySBODHulg/NuPr7kHCmpYs7G0WTc4XEovH5s+tidWDSFZPagfy0goALH7ZQ+XrhgkIWk7Hnx8INPXAThKRRVgjHZy3TMFiSMPEz9FfPxUK5EHlJz7MVALEDPulaOd+O7Eq+BaoNunCvQfNqJHBiryChA+490bhNHYDZ+iFhFyHxADlEJmkZfzHDLRDegx+PLVsPiMMLVyx8hJ4Ci64zK5I0ar+VNPXYRZSu53K23TCuAB0yecK8gl/RCPUuCSnyn/gZUsQYYoYP3KYcP3S1G812JldsLZakRnqvbR+i8YfQpPFDaciQIbJmOzi2aBFKjAC0xgx3qZubm2n5iuX0YdMKGnT89VQzZwlRBfZrNP16kKRkl0ll3jKa8s5vqGLDaZzpDLtwopwlohSl25ZQ4x3P0oprnqDmlz6gxDDWPivLnfpoqqO1u9kyLUacoDny2WYbhWIDidZjZLRBiKD6eekovGTkT234lSXtCBNSWBqThvFt1l4or0BcKivEi9HfAJQkrAzE/bjgKo1cgLPKWvIKA3yCt9VPQYEk/FR8qAyIzgnhlUVeDHxAA4Sfo9UxJCR7+5ehdaSQPi3U3RNneOmLo95zlbNuBnBy7R6shwR0UCistxtyQVkGX0Sw7kToO7ItXCNScdrwgnlUu2EbpVfZuuQD2iEmUcAz9tbod6JBhuhOa8uDVogOCDqtmSzaGN6gA4fZccMM1bdNpbnDfk3TJg2i4dyFrqqqkmU6QI+IEc4gx3Q6TU1NTTJL/WH9Ehpx2NVUsbKdYuUp6Q4lmITQrc6uaqPxNxxJQ/falZvJMup4fwGlX/6Qmp+bTS2PzaKO2YuJBrG2WV1GCe5K5zgzMl6G1E2+kKbNo+PM0IbqZzS/idlGbt0knESgBVcM8MsnNZXuKozAaLMoOT+0H0qIznioDuoDObeSNlUXhbSp8LhRrqmYVD78HIVDchKWCUDZwsSBXwi66cLup6C1yLfDXwlF3ST/bPckNIBBfibEh500DJeYucFuiHwU+iAsrg/3Qq8CaVi5fHml7eKAtN41G0+EXoMJq2N5kobv3EQbnLKIu81cqzryx/cs/LvCd4g1Q6FOvrH6EONwTHxZPLiYhzLcVWYaYtEYu3ELyab4jF5qhtIdlTSr8jpaf/IwGjGijmpqaoQUMa4YRopAUWIE4IUuNdY2YrxxyfJl9PGihTT2yGsp1ZImKmeND2ONIMdsjsomj6D2N+ZSrrmD2ZzZuixJySTrjWXMzPKJVbdyFkLoz1y0VlZbEaHHwaYFCG3UhTbAMMCjOIkgdjesFoVNsxjQ2DSPWMLkhbFugFfYuAZXmwJNdk1qXfuiDBCfk1YX6FJKslhMgtOBZstPZ2irejX4zdcMXQh5dZP7nkPLGmO6XeW1y3xp5vuM0upGhKLgosNYYmJwJ2140UIaumkjdazEMkDjXyJQF8ATOdYS8bDKctcbdQ8Tp5h1xnpFaJkyD4DWlo7Ry4k/0uQpo2jUCB1XxJsuXZEi0CUxAvDOcJfaTsYs4W713MWLaMyxN1BZfRt1VqVkfJzbkLztoqxuSRANWd2QTY5M+COHLjifsQ7SA3ujm2nzikz5TwzVEG0TFXIwghIffvIAP41BNA5xU1nAdl1VE3HCshGF7UJTUcAHdn/8EzfFyjvhnAIP0xjzYwX8sN1TCyTcXCIua1Oz/Q1eSx6CWRD48Vhi9LR6gZM7N1kPvoOa3ESMnwlXEDQEegX464oYgeKl1n/EiF+k008RrjNgBmiPc9c5QROOWEGTD11KmUZuFR1dlyN8OzLYZVvLHASIuNBmcStwP0RbNNUCr/6hC41xS0y0oPucbU/RK8kradJ6Y5kUhwkpet90CcxCB9EtMQKWHDEZI93qFSto7qplNOyM22jQmwuoc3AV8iwVGaSAMTrlG9CCNlSxs5+0MybGJCt96QT8tPqby0YguVisTbJhNRD+2cbuQowqKiio/Hl2XxAmSQfRaJTialIRqJ/1KQKPGFnGi8eBk7766SRVsS6wvXrABnXjVDOkzLV7UgB8XbsPW54W/pVqmReE88rZD6cTSZqKgGW0fKyU//hy4cfAgIApU2PJ9w+BSvGBsvY0xiLEFOKEOhviHApJhw+90kKIq0QWfq0RQsCFBvKDljj06y009eTFlKpKs71ULbGTylNpaulgIuM6gDHFHCZj+AzyQxRCkmyAdijEibFFvkPJWDM1NE2gt6ovofUmDaORw5UUoSlie7GuNEWLkokRADlCcwQ5rqivp3ntDZS4/v9o9K3PU3ZwJcW4uwxR0RC5AQkNcIZxGfYNGcSU5LbNZC7flEFNAxmJhqJWsefDOoAqPbpkuIIcswQ24cULPxqvXoGFUoQbGrCNCWVcDPlNGmaNyboiqLo6ctYRcqxe+9GrKV8rC4JjkvB+KEUwlcIIikbZLWyaahODfag52UDqevUgaxd5gRlqz8sPO9n76EQpEDn8xPEADMaVD9S3sHqucRcLV+juXVfxpATdeEfgAurk7mumMUGDtmylKUctpcrx7ZRpUG2uVID0Mtxdrky2UwcTHuqeN94Mf48czcyzzF1nqYxW0kf1O9PSMcfS5LGVVDdsqIwpWlIE+o0YASuGMUeQIxaA4+2YRa0NtHLWezTqwnupfGkTddbgE4WccE4bl2RBtNaYfAJBaIqvUhaFc5zSTZKo+cchCK89SInwgZlmAyPiQATVJC1FTGIHCuWL+Bqjl2+YnV+4qsaGC4JEUHszkLV3eEjAz0kJSwsC8k7qgqDdhabtIy92YzD1JgSFMRe4eGUXDqU2k6qRteO+LlBK9kGXB908T6D1CQcQTBR1xy8pTVfhu4XBxgkp5AFuPQPSCrabXkSz7oErXq6dH5Etcar9WgtNOmw51UxpZoLkdpAN3t/SAMJr5+40NEbcFMw842bIDjlshz/uMep8ItZGmZZyeiN9KlWs9z80fnglDRkyWGaf7e45QCmkCJRMjBYQBzlittp2rVc0rqIFrU2UuPtZGnnrcxTHekasTcTaRbkahXI8xwHNkbvTMjMtLhawGRn88DVo7vjHuR5Xc/H8QxAkCZHlwHDGYK0UkrgFY2Ab+2t4jUT4GT+QRZsXZ6fJwu5ZRFh9bRzihIBIXxwFcIacDerlSSx8SKYlsIylek4CzYjcazcMwxNh6C3WVNXk+8o1usICx9/EDz3dOkt6Jj55WygYh9hRftaDz0bOTq7B2er+btBCFJeAK3wtPCnj6JcTnGAJj8dFoYR1cVOKYIH9q3NtOiNc961mGrPbKioflaYsd6E7ZWeZ3gGljrdZUvEM1zHUNRCjKlFSr6Ax8gmE2NnWSR+17E7Lh+9PY8dW04ihtaIl4q0WO/vc3ZhiEL0iRntY7bG1tVUmZpa3NtPSxnoqu++/NOzel6iMNchcJRNkitkahM0XhHYBbSLGrA/SRDcySI+ANlh253O+r1ZQGXuyyBNAGARSR/mVuGAAYLAOKFw+499rxOGw1CXimgWGkUdysIlVTDBwNlQQZQUzXOEkzwohCJUDxMrwXQBLLhYSUI2upDjDncuE00L+zGWJuPrYsPasMoBf1upuyw5icq8D4RRqB9FBxgtrIFE4Th4hGmi548kPWb2XNpV8uC4qoZSMcJw26rsVCeTBB8qFT8W8g0kA5gLsxF4g++s0QIboLmdbY1Q+IUcjvt9AI3dqpngiS7lWaIiQKlbY3UNLnvmFDdlO1hj5XmBiBRtJmLvC5lbqaKqiuenv0fLaPWj4mGE0Ykgl1dYOEi0Rb7TYzxWUqiW66DExusA6R5BjJpORJT2trS3U2NRM9e2tfDRT9uX3qOrJN6j6v+9TxYpWypWx6gstkg98QwaHNHzJt82GnvUXRKoNPR9orCwBd2EBdfVhGmseUNQIY87GOz8oHDU+aXSeG8MVNMxjfMTueVvCZk+VUEL0W5aR9Ox6Vll9InpxSFh2sKJIlk+OEi6waYNsvOu2lUHiw1kfQC7RapoGbpy+iPCDGyIMcPVvg8rIeBIW5nYDvbf44Uov4jBrTEJoXcBKdZWK3qpu8oEycUVgNWGEwBlIy6a3rgElYMkw1xaj5EiiYds007Dt26hqXDtloTFyNzps9KQ3sLcDo4Zx1hhRD3QcO03trVW0tOPLtIK2pY7h/0PDucs8dFA5DWIN0XabQYj2jZbekCLQJ2IEhED4cAmyjTXIFj6aOtqosaOdGtJtlP14IaXemEvJ9/m8sJ6S9c1U1tBG1JpmHnA7VZod99dr5B70DvgZR4PH2Zdz/QDxYaPIgUCcm+jLIinY+CajWILJOsgjlTyou++vkVi7NlR1tZKwiJk9xd+7PniolIVnEzmFmxbihj0vlMQPl+AYJ1zF049MIJGYMpVYRbIoNFGByqFCstnLu42c7XIvrbuVh9rntiqrBtqjEHmumliBpE21N/Bzo7r2Og0ujIoJWRr8lXYaslU7VU9gMmQiFDLs5fhhcbB2iDHEXIra4rXUkRlCzZmR1BqfRK2pTSk3aAprhRVUW1NGg6rKPDJ0CbG3WqKLPhMjgCjsYbVIjEGCJHGgu92eSVNbFkeGzRnKgEj5MQTtB+HkMvBTUm4g5F84moS1iY80lNIaRtfJBWNAc4FbV6E0jPvbJQJRSexuEiVEocI4MF7hRuiaS4ooFGEhC2qNEbKy8PfqppUN2rtCCRW7SBY8FFJlAJb5i8A+JCMwWGHj5itao5Bh8J72BYFixoM4Ho8xycXlm8/l3NPEUVGeoMrylEeEGD/EYbvMdhyxr6QI9AsxunAJ0h4ZJkKrUdpzjs+yWt0cESJEWHfh9kpsFxgHNEB7WI3Q1Qxd7bA/CNGi34kRcKO0xIcDJOme7WHRnxcWIUKEzxbABS4HwGwPS4DWbP3dc39itRBjEG4SxcwWq+MiI0SIsPbD8gE4wDW7Z2BNcMQaIcYwINmIBCNEiLD2gej/AX8+VBpHLpBwAAAAAElFTkSuQmCC\" alt=\"\" data-filename=\"siglam.png\" /></p>','uploads/unnamed.jpg',1,'2015-05-19 15:54:12',NULL,NULL,'DRAFT'),
	(16,'A new article with no category','','<p>and this is its content, something new 2</p>','',1,'2015-05-27 09:17:36','2015-04-30 16:25:39',NULL,'PUBLISHED'),
	(18,'A new article with category','','<p>this is the text that i want, that i really really want to</p>',NULL,1,'2015-05-18 18:16:11','2015-04-30 17:08:37',NULL,'PUBLISHED'),
	(23,'the title','','<p>asfafa</p>',NULL,2,'2015-05-19 13:35:57','2015-05-04 08:08:22',NULL,'PUBLISHED'),
	(24,'A new article with tags','','<p>content&nbsp;&nbsp;&nbsp;&nbsp;</p>',NULL,1,'2015-05-04 08:21:07','2015-05-04 08:08:43',NULL,'PUBLISHED'),
	(26,'New article without entity defined','','atasta',NULL,2,'2015-05-12 08:47:47','2015-05-04 08:21:29',NULL,'PUBLISHED');

/*!40000 ALTER TABLE `articles` ENABLE KEYS */;
UNLOCK TABLES;


# Dump of table categories
# ------------------------------------------------------------

DROP TABLE IF EXISTS `categories`;

CREATE TABLE `categories` (
  `id` int(11) unsigned NOT NULL AUTO_INCREMENT,
  `name` varchar(255) DEFAULT NULL,
  `parent_id` int(11) NOT NULL DEFAULT '0',
  `lft` int(11) DEFAULT NULL,
  `rgt` int(11) DEFAULT NULL,
  `depth` int(11) DEFAULT NULL,
  `created_at` datetime DEFAULT NULL,
  `updated_at` datetime DEFAULT NULL,
  `deleted_at` datetime DEFAULT NULL,
  PRIMARY KEY (`id`)
) ENGINE=InnoDB DEFAULT CHARSET=utf8;

LOCK TABLES `categories` WRITE;
/*!40000 ALTER TABLE `categories` DISABLE KEYS */;

INSERT INTO `categories` (`id`, `name`, `parent_id`, `lft`, `rgt`, `depth`, `created_at`, `updated_at`, `deleted_at`)
VALUES
	(1,'Category 1',0,4,9,1,'2015-04-24 15:11:37','2015-05-29 17:38:53',NULL),
	(2,'Category 2',1,5,6,2,'2015-04-24 15:11:44','2015-05-29 17:38:28',NULL),
	(3,'Category 3',0,2,3,1,'2015-04-24 15:11:52','2015-05-29 17:38:53',NULL),
	(4,'A new category',1,7,8,2,'2015-04-30 16:21:40','2015-05-29 17:38:53',NULL);

/*!40000 ALTER TABLE `categories` ENABLE KEYS */;
UNLOCK TABLES;


# Dump of table migrations
# ------------------------------------------------------------

DROP TABLE IF EXISTS `migrations`;

CREATE TABLE `migrations` (
  `migration` varchar(255) COLLATE utf8_unicode_ci NOT NULL,
  `batch` int(11) NOT NULL
) ENGINE=InnoDB DEFAULT CHARSET=utf8 COLLATE=utf8_unicode_ci;

LOCK TABLES `migrations` WRITE;
/*!40000 ALTER TABLE `migrations` DISABLE KEYS */;

INSERT INTO `migrations` (`migration`, `batch`)
VALUES
	('2014_10_12_000000_create_users_table',1),
	('2014_10_12_100000_create_password_resets_table',1),
	('2015_05_13_082212_entrust_setup_tables',2);

/*!40000 ALTER TABLE `migrations` ENABLE KEYS */;
UNLOCK TABLES;


# Dump of table password_resets
# ------------------------------------------------------------

DROP TABLE IF EXISTS `password_resets`;

CREATE TABLE `password_resets` (
  `email` varchar(255) COLLATE utf8_unicode_ci NOT NULL,
  `token` varchar(255) COLLATE utf8_unicode_ci NOT NULL,
  `created_at` timestamp NOT NULL DEFAULT '0000-00-00 00:00:00',
  KEY `password_resets_email_index` (`email`),
  KEY `password_resets_token_index` (`token`)
) ENGINE=InnoDB DEFAULT CHARSET=utf8 COLLATE=utf8_unicode_ci;

LOCK TABLES `password_resets` WRITE;
/*!40000 ALTER TABLE `password_resets` DISABLE KEYS */;

INSERT INTO `password_resets` (`email`, `token`, `created_at`)
VALUES
	('hello@tabacitu.ro','026fc813011d7fe29d968c4c00a087708fafecc51737b50f758e8a18b994710d','2015-05-22 15:49:14');

/*!40000 ALTER TABLE `password_resets` ENABLE KEYS */;
UNLOCK TABLES;


# Dump of table permission_role
# ------------------------------------------------------------

DROP TABLE IF EXISTS `permission_role`;

CREATE TABLE `permission_role` (
  `permission_id` int(10) unsigned NOT NULL,
  `role_id` int(10) unsigned NOT NULL,
  PRIMARY KEY (`permission_id`,`role_id`),
  KEY `permission_role_role_id_foreign` (`role_id`),
  CONSTRAINT `permission_role_permission_id_foreign` FOREIGN KEY (`permission_id`) REFERENCES `permissions` (`id`) ON DELETE CASCADE ON UPDATE CASCADE,
  CONSTRAINT `permission_role_role_id_foreign` FOREIGN KEY (`role_id`) REFERENCES `roles` (`id`) ON DELETE CASCADE ON UPDATE CASCADE
) ENGINE=InnoDB DEFAULT CHARSET=utf8 COLLATE=utf8_unicode_ci;

LOCK TABLES `permission_role` WRITE;
/*!40000 ALTER TABLE `permission_role` DISABLE KEYS */;

INSERT INTO `permission_role` (`permission_id`, `role_id`)
VALUES
	(1,1),
	(2,1),
	(3,1),
	(4,1),
	(5,1),
	(6,1),
	(7,1),
	(8,1),
	(9,1),
	(10,1),
	(11,1),
	(1,2),
	(3,2);

/*!40000 ALTER TABLE `permission_role` ENABLE KEYS */;
UNLOCK TABLES;


# Dump of table permissions
# ------------------------------------------------------------

DROP TABLE IF EXISTS `permissions`;

CREATE TABLE `permissions` (
  `id` int(10) unsigned NOT NULL AUTO_INCREMENT,
  `name` varchar(255) COLLATE utf8_unicode_ci NOT NULL,
  `display_name` varchar(255) COLLATE utf8_unicode_ci DEFAULT NULL,
  `description` varchar(255) COLLATE utf8_unicode_ci DEFAULT NULL,
  `created_at` timestamp NOT NULL DEFAULT '0000-00-00 00:00:00',
  `updated_at` timestamp NOT NULL DEFAULT '0000-00-00 00:00:00',
  PRIMARY KEY (`id`),
  UNIQUE KEY `permissions_name_unique` (`name`)
) ENGINE=InnoDB DEFAULT CHARSET=utf8 COLLATE=utf8_unicode_ci;

LOCK TABLES `permissions` WRITE;
/*!40000 ALTER TABLE `permissions` DISABLE KEYS */;

INSERT INTO `permissions` (`id`, `name`, `display_name`, `description`, `created_at`, `updated_at`)
VALUES
	(1,'view-admin-panel','View Admin Panel','Access to the Admin Panel','2015-05-13 13:01:19','2015-05-13 13:01:19'),
	(2,'view-account-permissions','View Account Permissions','Show some demo info on the Admin Dashboard','2015-05-13 11:39:09','2015-05-13 11:39:09'),
	(3,'use-file-manager','File Manager','Access to upload/delete/edit files.','0000-00-00 00:00:00','0000-00-00 00:00:00'),
	(4,'view-backups','View Backups','Access to the Backups Panel','0000-00-00 00:00:00','0000-00-00 00:00:00'),
	(5,'make-backups','Make Backups','Access to create new backups','0000-00-00 00:00:00','0000-00-00 00:00:00'),
	(6,'download-backups','Download Backups','Access to download existing backups','0000-00-00 00:00:00','0000-00-00 00:00:00'),
	(7,'delete-backups','Delete Backups','Access to delete existing backups','0000-00-00 00:00:00','0000-00-00 00:00:00'),
	(8,'view-logs','View Logs',NULL,'0000-00-00 00:00:00','0000-00-00 00:00:00'),
	(9,'download-logs','Download Logs',NULL,'0000-00-00 00:00:00','0000-00-00 00:00:00'),
	(10,'delete-logs','Delete Logs',NULL,'0000-00-00 00:00:00','0000-00-00 00:00:00'),
	(11,'preview-logs','Preview Logs',NULL,'0000-00-00 00:00:00','0000-00-00 00:00:00');

/*!40000 ALTER TABLE `permissions` ENABLE KEYS */;
UNLOCK TABLES;


# Dump of table role_user
# ------------------------------------------------------------

DROP TABLE IF EXISTS `role_user`;

CREATE TABLE `role_user` (
  `user_id` int(10) unsigned NOT NULL,
  `role_id` int(10) unsigned NOT NULL,
  PRIMARY KEY (`user_id`,`role_id`),
  KEY `role_user_role_id_foreign` (`role_id`),
  CONSTRAINT `role_user_role_id_foreign` FOREIGN KEY (`role_id`) REFERENCES `roles` (`id`) ON DELETE CASCADE ON UPDATE CASCADE,
  CONSTRAINT `role_user_user_id_foreign` FOREIGN KEY (`user_id`) REFERENCES `users` (`id`) ON DELETE CASCADE ON UPDATE CASCADE
) ENGINE=InnoDB DEFAULT CHARSET=utf8 COLLATE=utf8_unicode_ci;

LOCK TABLES `role_user` WRITE;
/*!40000 ALTER TABLE `role_user` DISABLE KEYS */;

INSERT INTO `role_user` (`user_id`, `role_id`)
VALUES
	(1,1),
	(2,1),
	(1,2),
	(4,2);

/*!40000 ALTER TABLE `role_user` ENABLE KEYS */;
UNLOCK TABLES;


# Dump of table roles
# ------------------------------------------------------------

DROP TABLE IF EXISTS `roles`;

CREATE TABLE `roles` (
  `id` int(10) unsigned NOT NULL AUTO_INCREMENT,
  `name` varchar(255) COLLATE utf8_unicode_ci NOT NULL,
  `display_name` varchar(255) COLLATE utf8_unicode_ci DEFAULT NULL,
  `description` varchar(255) COLLATE utf8_unicode_ci DEFAULT NULL,
  `created_at` timestamp NOT NULL DEFAULT '0000-00-00 00:00:00',
  `updated_at` timestamp NOT NULL DEFAULT '0000-00-00 00:00:00',
  PRIMARY KEY (`id`),
  UNIQUE KEY `roles_name_unique` (`name`)
) ENGINE=InnoDB DEFAULT CHARSET=utf8 COLLATE=utf8_unicode_ci;

LOCK TABLES `roles` WRITE;
/*!40000 ALTER TABLE `roles` DISABLE KEYS */;

INSERT INTO `roles` (`id`, `name`, `display_name`, `description`, `created_at`, `updated_at`)
VALUES
	(1,'superadmin','SuperAdmin','Technical administrators: developers, webmins, etc','2015-05-13 11:30:37','2015-05-13 11:30:40'),
	(2,'admin','Admin','Users with access to the administration panel','2015-05-13 11:32:13','2015-05-13 11:32:16');

/*!40000 ALTER TABLE `roles` ENABLE KEYS */;
UNLOCK TABLES;


# Dump of table settings
# ------------------------------------------------------------

DROP TABLE IF EXISTS `settings`;

CREATE TABLE `settings` (
  `id` int(11) unsigned NOT NULL AUTO_INCREMENT,
  `key` varchar(50) NOT NULL DEFAULT '',
  `name` varchar(255) NOT NULL DEFAULT '',
  `description` varchar(255) DEFAULT NULL,
  `value` varchar(255) DEFAULT NULL,
  `field` text NOT NULL,
  `created_at` timestamp NULL DEFAULT NULL,
  `updated_at` timestamp NULL DEFAULT NULL,
  PRIMARY KEY (`id`)
) ENGINE=InnoDB DEFAULT CHARSET=utf8;

LOCK TABLES `settings` WRITE;
/*!40000 ALTER TABLE `settings` DISABLE KEYS */;

INSERT INTO `settings` (`id`, `key`, `name`, `description`, `value`, `field`, `created_at`, `updated_at`)
VALUES
	(1,'contact_email','Contact form email address','The email address that all emails from the contact form will go to.','admin@updivision.com','',NULL,NULL),
	(2,'contact_cc','Contact form CC field','Email adresses separated by comma, to be included as CC in the email sent by the contact form.',NULL,'',NULL,NULL),
	(3,'contact_bcc','Contact form BCC field','Email adresses separated by comma, to be included as BCC in the email sent by the contact form.','','{\"name\":\"value\",\"label\":\"Value\",\"type\":\"email\"} ',NULL,NULL);

/*!40000 ALTER TABLE `settings` ENABLE KEYS */;
UNLOCK TABLES;


# Dump of table tags
# ------------------------------------------------------------

DROP TABLE IF EXISTS `tags`;

CREATE TABLE `tags` (
  `id` int(11) unsigned NOT NULL AUTO_INCREMENT,
  `name` varchar(255) NOT NULL DEFAULT '',
  `created_at` datetime DEFAULT NULL,
  `updated_at` datetime DEFAULT NULL,
  `deleted_at` datetime DEFAULT NULL,
  PRIMARY KEY (`id`)
) ENGINE=InnoDB DEFAULT CHARSET=utf8;

LOCK TABLES `tags` WRITE;
/*!40000 ALTER TABLE `tags` DISABLE KEYS */;

INSERT INTO `tags` (`id`, `name`, `created_at`, `updated_at`, `deleted_at`)
VALUES
	(1,'Tag 1',NULL,NULL,NULL),
	(2,'Tag 2',NULL,NULL,NULL),
	(8,'something about this that is more than thirty three characters long','2015-05-05 15:28:52','2015-05-05 15:28:52',NULL),
	(9,'something about this that is more than thirty three characters long 2','2015-05-05 15:29:03','2015-05-05 15:30:16',NULL),
	(10,'new taggy','2015-05-05 15:31:14','2015-05-05 15:31:14',NULL),
	(11,'New tag','2015-05-27 09:19:49','2015-05-27 09:19:49',NULL);

/*!40000 ALTER TABLE `tags` ENABLE KEYS */;
UNLOCK TABLES;


# Dump of table users
# ------------------------------------------------------------

DROP TABLE IF EXISTS `users`;

CREATE TABLE `users` (
  `id` int(10) unsigned NOT NULL AUTO_INCREMENT,
  `name` varchar(255) COLLATE utf8_unicode_ci NOT NULL,
  `email` varchar(255) COLLATE utf8_unicode_ci NOT NULL,
  `password` varchar(60) COLLATE utf8_unicode_ci NOT NULL,
  `remember_token` varchar(100) COLLATE utf8_unicode_ci DEFAULT NULL,
  `created_at` timestamp NOT NULL DEFAULT '0000-00-00 00:00:00',
  `updated_at` timestamp NULL DEFAULT '0000-00-00 00:00:00',
  PRIMARY KEY (`id`),
  UNIQUE KEY `users_email_unique` (`email`)
) ENGINE=InnoDB DEFAULT CHARSET=utf8 COLLATE=utf8_unicode_ci;

LOCK TABLES `users` WRITE;
/*!40000 ALTER TABLE `users` DISABLE KEYS */;

INSERT INTO `users` (`id`, `name`, `email`, `password`, `remember_token`, `created_at`, `updated_at`)
VALUES
	(1,'Cristian Tabacitu','cristitabacitu@gmail.com','$2y$10$.vmtdfoq6FrG.evHt1iNguOZI1aTmoH9rRFM/Klb8XksnD0AUJZd2','3FnZenniDWpwDbKvVZvQ1XEDBiW2Z75P1sUtWQfHotC7VXzaoV5T1muine4s','2015-03-30 11:40:39','2015-03-30 11:40:49'),
	(2,'Standard Admin','admin@updivision.com','$2y$10$4ewS55iE2lT4dbXeNWxkn.wAdg0/TnASMGcTwntpmLlir84Gfn3CS','loi4f1gUSX8DTrdAUKvhpL4xaHmg0XJNcYxGIxd9vDAXH8tzZVoOIleNyVo7','2015-03-30 11:41:13','2015-05-28 14:19:42'),
	(3,'Plain Member','member@updivision.com','$2y$10$V7XanwnYkkJ.dBnxe7DZ3OJzXwGUw8WMnr5JF/Sd.T5oHLghOaPfC','1yur0w1Pygc5xTKzxLiPbXXdPZC1hmuy5mnEWiCUMtXwyhxhPdyaYKQjAZ5B','2015-05-13 09:48:03','2015-05-13 10:02:12'),
	(4,'New name','hello@tabacitu.ro','',NULL,'2015-05-13 14:56:42','2015-05-13 14:56:42'),
	(5,'Test Admin','cristi@updivision.com','$2y$10$js00t1BE0fE/zs4tR1wUm.9deteWo69p6LVlUwnoD0nAeYQz9YoH2',NULL,'2015-05-22 15:50:06','2015-05-22 15:50:06');

/*!40000 ALTER TABLE `users` ENABLE KEYS */;
UNLOCK TABLES;



/*!40111 SET SQL_NOTES=@OLD_SQL_NOTES */;
/*!40101 SET SQL_MODE=@OLD_SQL_MODE */;
/*!40014 SET FOREIGN_KEY_CHECKS=@OLD_FOREIGN_KEY_CHECKS */;
/*!40101 SET CHARACTER_SET_CLIENT=@OLD_CHARACTER_SET_CLIENT */;
/*!40101 SET CHARACTER_SET_RESULTS=@OLD_CHARACTER_SET_RESULTS */;
/*!40101 SET COLLATION_CONNECTION=@OLD_COLLATION_CONNECTION */;
